Fund,Rating,Minimum Investment (Rs),Exit Load (Period),Expense Ratio,Portfolio Manager (Tenure),1-Month Return,1-Month Rank,3-Month Return,3-Month Rank,1-Year Return,1-Year Rank,3-Year Return,3-Year Rank,5-Year Return,5-Year Rank,10-Year Return,10-Year Rank,Category,Launch,Net Assets (Cr)
Axis Equity Fund,* * * * ,5000,-,2.32, Pankaj Murarka (2.1),5.32,47/148,3.79,53/145,17.43,50/143,24.3,4/75,12.85,12/64,-,-,EQ-LC     ,"Jan 05, 2010",1832.22
Axis Focused 25 Fund,Unrated,5000,-,3, Sudhanshu Asthana (1.9),4.83,96/135,7.49,6/135,26.08,37/125,23.07,39/66,-,-,-,-,EQ-LC&MC  ,"Jun 29, 2012",296.37
Axis Long Term Equity Fund,* * * * * ,500,-,2.46, Jinesh Gopani (4.3),5.22,60/75,2.65,55/75,33.4,15/73,35.23,1/37,22.34,1/36,-,-,EQ-TP     ,"Dec 29, 2009",5436.58
Axis Midcap Fund,* * * ,5000,-,2.58," Pankaj Murarka (4.5), Sudhanshu Asthana (0.2)",7.74,38/114,7.7,10/114,34.14,59/112,36.44,13/52,-,-,-,-,EQ-M&SC   ,"Feb 18, 2011",1186.98
Baroda Pioneer Banking and Financial Services Fund,* * ,5000,1 (365),3.21, Dipak Acharya (3.1),5.49,23/29,4.42,23/29,21.28,16/23,18.28,10/13,-,-,-,-,EQ-BANK   ,"Jun 22, 2012",52.4
Baroda Pioneer ELSS 96 Fund,* ,500,-,3.05, Dipak Acharya (9.4),4.76,62/75,1.97,66/75,19.55,58/73,23.12,26/37,10.92,31/36,11.69,17/19,EQ-TP     ,"Mar 31, 1996",41.79
Baroda Pioneer Growth Fund,* * ,5000,1 (365),3.05, Dipak Acharya (9.4),4.89,62/148,3.81,51/145,20.84,37/143,21.75,16/75,9.71,50/64,15.17,17/35,EQ-LC     ,"Sep 12, 2003",222.15
Baroda Pioneer Infrastructure Fund,* * ,5000,1 (365),3.1, Dipak Acharya (5.2),5.95,33/43,2.08,35/43,10.42,36/43,18.11,14/22,4.06,16/20,-,-,EQ-INFRA  ,"Jun 22, 2010",21.31
Baroda Pioneer PSU Equity Fund,Unrated,5000,1 (365),2.97, Dipak Acharya (4.9),3.22,-,1.41,-,-1.82,-,6.36,-,-,-,-,-,EQ-OTH    ,"Oct 04, 2010",39.04
Birla Sun Life 5 Star Multi-Manager FoF Scheme,Unrated,5000,1 (365),1.16, Shravan Kumar Sreenivasula (0.6),5.47,69/135,4.62,61/135,23.76,56/125,24,37/66,13.67,29/61,-,-,EQ-LC&MC  ,"Jan 16, 2007",1.1
Birla Sun Life Advantage Fund,* * * * ,5000,-,2.77, Satyabrata Mohanty (3.8),5.66,41/61,7.13,7/61,30.84,10/56,30.41,3/28,14.21,7/26,15.58,11/15,EQ-MLC    ,"Feb 24, 1995",465.62
Birla Sun Life Asset Allocation Fund - Aggressive Plan,* * * ,5000,-,0.02," Satyabrata Mohanty (9.6), Vineet Maloo (2.8)",3.78,58/61,3.47,44/61,21.84,37/56,18.63,26/28,10.04,23/26,15.08,12/15,EQ-MLC    ,"Feb 24, 2004",10.75
Birla Sun Life Banking & Financial Services Fund - Regular Plan,Unrated,5000,-,2.87, Satyabrata Mohanty (1.7),7.18,2/29,6.02,12/29,29.68,3/23,-,-,-,-,-,-,EQ-BANK   ,"Dec 09, 2013",535.67
Birla Sun Life Buy India Fund,Unrated,5000,1 (365),2.94, Ajay Garg (7.9),5.86,-,2.19,-,43.11,-,34.31,-,18.12,-,18.46,-,EQ-OTH    ,"Jan 15, 2000",59.1
Birla Sun Life Commodity Equities Fund - Global Agri Plan,Unrated,5000,-,1.77, Vineet Maloo (6.8),-0.35,-,5.71,-,9.18,-,9.3,-,9.89,-,-,-,EQ-INTL   ,"Nov 07, 2008",11.2
Birla Sun Life Dividend Yield Plus Fund,* * ,5000,-,2.43," Naysar Shah (1.5), Vineet Maloo (1.5)",4.47,57/61,2.65,55/61,16.87,46/56,19.69,25/28,11.7,18/26,16.16,8/15,EQ-MLC    ,"Feb 26, 2003",1182.72
Birla Sun Life Equity Fund,* * * ,5000,-,2.34, Anil Shah (2.8),7.29,6/135,4.8,49/135,20.39,94/125,29.04,1/66,13.78,27/61,17.69,12/27,EQ-LC&MC  ,"Aug 27, 1998",2148.44
Birla Sun Life Frontline Equity Fund,* * * * ,5000,1 (365),2.21, Mahesh Patil (9.7),5.22,77/135,3.9,78/135,21.42,91/125,26.46,16/66,15.01,12/61,20.08,2/27,EQ-LC&MC  ,"Aug 30, 2002",9363.91
Birla Sun Life Global Commodities Fund,Unrated,5000,1 (365),0.95, Shravan Kumar Sreenivasula (0.6),-7.18,-,-6.23,-,-23.31,-,-2.91,-,0.54,-,-,-,EQ-INTL   ,"Sep 17, 2008",2.28
Birla Sun Life Global Real Estate Fund - Retail Plan,Unrated,5000,1 (365),1.84, Shravan Kumar Sreenivasula (0.6),-0.81,-,-3.01,-,2.65,-,-,-,-,-,-,-,EQ-INTL   ,"Dec 31, 2007",22.78
Birla Sun Life Index Fund,* * ,5000,-,0.69, Ajay Garg (8.8),4.5,113/148,1.99,126/145,12.76,103/143,18.15,58/75,9.54,54/64,13.77,22/35,EQ-LC     ,"Sep 18, 2002",352.03
Birla Sun Life India GenNext Fund,Unrated,5000,1 (365),2.78, Anil Shah (1.8),6.32,-,7.92,-,37.18,-,29.88,-,19.76,-,-,-,EQ-OTH    ,"Aug 05, 2005",292.97
Birla Sun Life India Opportunities Fund,Unrated,5000,1 (365),2.89, Naysar Shah (2.8),4.22,-,3.54,-,24.4,-,32.14,-,15.8,-,13.62,-,EQ-OTH    ,"Aug 25, 2003",92.81
Birla Sun Life India Reforms Fund,* ,5000,-,2.84, Naysar Shah (4.5),4.64,55/61,2.48,58/61,14.97,49/56,18.13,27/28,6.8,26/26,-,-,EQ-MLC    ,"Jun 25, 2010",259.1
Birla Sun Life Infrastructure Fund,* * * * ,5000,1 (365),2.51," Mahesh Patil (9.5), Naysar Shah (3.6)",5.61,39/43,2.79,33/43,18.39,24/43,24.86,4/22,9.2,5/20,-,-,EQ-INFRA  ,"Mar 17, 2006",817.42
Birla Sun Life International Equity Fund - Plan A,Unrated,5000,1 (365),2.89, Vineet Maloo (7.8),-0.87,-,0.45,-,9.71,-,15.08,-,15.66,-,-,-,EQ-INTL   ,"Oct 31, 2007",65.12
Birla Sun Life International Equity Fund - Plan B,* * ,5000,1 (365),2.87, Vineet Maloo (7.8),3.94,123/135,2.92,101/135,15.07,103/125,17.1,62/66,10.18,49/61,-,-,EQ-LC&MC  ,"Oct 31, 2007",110.77
Birla Sun Life Latin America Equity Fund,Unrated,5000,1 (365),1.87, Shravan Kumar Sreenivasula (0.6),-5.74,-,-5.43,-,-22.64,-,-5.64,-,-3.87,-,-,-,EQ-INTL   ,"Aug 07, 2008",3.51
Birla Sun Life Long Term Advantage Fund,* * * * ,5000,-,2.79, Mahesh Patil (2.8),6.24,39/135,4.63,58/135,23.51,58/125,27.55,10/66,14.58,18/61,-,-,EQ-LC&MC  ,"Oct 10, 2006",292.77
Birla Sun Life Manufacturing Equity Fund - Regular Plan,Unrated,5000,-,2.71, Anil Shah (0.5),7.11,8/135,4.66,54/135,-,-,-,-,-,-,-,-,EQ-LC&MC  ,"Jan 27, 2015",955.64
Birla Sun Life Mid Cap Fund,* * ,5000,-,2.36, Jayesh Gandhi (0.6),6.89,55/114,6.68,28/114,36.1,51/112,30.64,35/52,15.37,35/48,19.65,5/20,EQ-M&SC   ,"Oct 03, 2002",1542.42
Birla Sun Life MNC Fund,Unrated,5000,1 (365),2.65, Ajay Garg (6.1),6.05,-,2.34,-,57.65,-,38.79,-,24.92,-,22.46,-,EQ-OTH    ,"Dec 27, 1999",1880.89
Birla Sun Life New Millennium Fund,Unrated,5000,1 (365),2.91, Kunal Sangoi (1.5),1.7,6/10,-0.9,8/10,17.04,7/10,26.05,3/5,11.7,4/5,12.2,5/5,EQ-IT     ,"Jan 15, 2000",72.41
Birla Sun Life Nifty ETF Fund,Unrated,5000,-,0.55, Satyabrata Mohanty (4.0),4.62,108/148,2.5,95/145,13.78,71/143,19.18,42/75,-,-,-,-,EQ-LC     ,"Jul 22, 2011",2.04
Birla Sun Life Pure Value Fund,* * * ,5000,-,2.78," Mahesh Patil (1.5), Milind Bafna (1.5)",10.06,4/114,5.63,38/114,20.55,104/112,35.77,16/52,18.32,21/48,-,-,EQ-M&SC   ,"Mar 27, 2008",414.73
Birla Sun Life Small & Midcap Fund,* * ,5000,1 (365),2.84, Jayesh Gandhi (0.6),7.89,33/114,5.12,50/114,29.03,79/112,30.06,36/52,14.88,38/48,-,-,EQ-M&SC   ,"May 31, 2007",183.9
Birla Sun Life Special Situations Fund,* * * ,5000,1 (365),2.84, Anil Shah (2.5),6.12,47/135,2.39,108/135,24.43,53/125,27.77,8/66,12.5,41/61,-,-,EQ-LC&MC  ,"Jan 31, 2008",135.53
Birla Sun Life Tax Plan,* * * * ,500,-,3.06, Ajay Garg (3.8),5.62,45/75,2.28,62/75,32.66,16/73,29.55,6/37,16.43,7/36,15.88,9/19,EQ-TP     ,"Feb 16, 1999",267.34
Birla Sun Life Tax Relief 96,* * * ,500,-,2.36, Ajay Garg (8.8),5.71,43/75,2.46,58/75,34.11,10/73,30.56,3/37,13.99,14/36,16.91,6/19,EQ-TP     ,"Mar 29, 1996",1951.9
Birla Sun Life Tax Savings Fund,* * * ,500,-,2.93, Ajay Garg (0.8),5.76,40/75,2.44,59/75,29.89,21/73,23.83,24/37,12.44,24/36,12.76,14/19,EQ-TP     ,"Mar 28, 2004",25.37
Birla Sun Life Top 100 Fund,* * * * ,5000,-,2.47, Mahesh Patil (5.0),5.97,53/135,4.31,66/135,20.33,96/125,26.27,18/66,16.02,7/61,-,-,EQ-LC&MC  ,"Oct 24, 2005",1768.36
BNP Paribas Dividend Yield Fund,* * * * ,5000,1 (365),2.82, Shreyash Devalker (3.8),6.14,34/61,6.86,13/61,30.46,11/56,27.45,5/28,16.55,3/26,-,-,EQ-MLC    ,"Sep 15, 2005",152.52
BNP Paribas Equity Fund,* * * * * ,5000,1 (365),2.62, Shreyash Devalker (3.8),6.86,14/135,5.14,38/135,29.16,25/125,27.47,11/66,17.4,1/61,17.21,15/27,EQ-LC&MC  ,"Sep 23, 2004",799.37
BNP Paribas Long Term Equity Fund,* * * * * ,500,-,2.89, Shreyash Devalker (3.8),7.28,7/75,6.83,7/75,33.97,11/73,29.61,5/37,18.18,3/36,-,-,EQ-TP     ,"Jan 05, 2006",400.53
BNP Paribas Midcap Fund,* * * * * ,5000,1 (365),2.83, Shreyash Devalker (3.8),8.68,17/114,9.92,4/114,39.91,28/112,36.57,12/52,22.32,5/48,-,-,EQ-M&SC   ,"May 02, 2006",328
BOI AXA Equity Fund - Regular Plan,* * * ,5000,1 (365),2.23, David Pezarkar (2.0),4.97,60/148,0.32,139/145,14.68,68/143,19.94,31/75,9.99,44/64,-,-,EQ-LC     ,"Oct 21, 2008",89
BOI AXA Focused Infrastructure Fund,* * ,5000,1 (365),2.76, David Pezarkar (2.0),6.78,26/43,4.45,24/43,16.62,28/43,18.04,15/22,4.18,15/20,-,-,EQ-INFRA  ,"Mar 05, 2010",11.96
BOI AXA Tax Advantage Fund - Regular Plan,* * * ,500,-,2.87, Saurabh Kataria (2.6),5.94,34/75,4.14,44/75,24.22,47/73,24.2,19/37,11.87,29/36,-,-,EQ-TP     ,"Feb 25, 2009",50.56
Canara Robeco Emerging Equities Fund - Regular Plan,* * * * * ,5000,1 (540),2.93," Krishna Sanghvi (2.8), Ravi Gopalakrishnan (2.8)",7.96,30/114,6.98,20/114,40.99,25/112,38.22,9/52,23.01,3/48,19.41,7/20,EQ-M&SC   ,"Mar 11, 2005",548.06
Canara Robeco Equity Diversified Fund - Regular Plan,* * * ,5000,1 (365),2.62, Ravi Gopalakrishnan (2.8),7.03,11/135,3.87,79/135,19.87,97/125,21.21,48/66,13.33,31/61,17.72,11/27,EQ-LC&MC  ,"Sep 16, 2003",782.79
Canara Robeco Equity Tax Saver Fund - Regular Plan,* * * ,500,-,2.63, Krishna Sanghvi (2.8),5.87,38/75,3.78,47/75,21.28,52/73,22.47,30/37,13.78,16/36,20.36,1/19,EQ-TP     ,"Mar 31, 1993",871.61
Canara Robeco F.O.R.C.E Fund - Regular Plan,Unrated,5000,1.5 (365),2.96," Krishna Sanghvi (2.8), Hemang Kapasi (1.1)",6.87,-,8.03,-,33.91,-,26.01,-,15.95,-,-,-,EQ-OTH    ,"Sep 14, 2009",105.68
Canara Robeco Infrastructure Fund - Regular Plan,* * * * ,5000,1 (365),2.99, Yogesh Patil (3.6),8.69,12/43,4.86,18/43,26.68,7/43,23.49,6/22,12.17,2/20,-,-,EQ-INFRA  ,"Dec 02, 2005",111.82
Canara Robeco Large Cap+ Fund - Regular Plan,* * * ,5000,1 (365),2.89, Ravi Gopalakrishnan (2.8),6.5,20/148,4.32,35/145,18.92,43/143,19.77,33/75,-,-,-,-,EQ-LC     ,"Aug 21, 2010",109.95
DSP BlackRock Equity Fund,* * * ,1000,1 (364),2.33, Apoorva Shah (9.1),8.76,3/61,2.42,59/61,20.77,42/56,22.98,18/28,12.58,15/26,19.76,1/15,EQ-MLC    ,"Apr 29, 1997",2430.17
DSP BlackRock Focus 25 Fund,* * * ,1000,1 (729),2.9," Jay Kothari (2.4), Harish Zaveri (0.6)",6.68,19/135,7.22,8/135,31.69,16/125,26.75,14/66,12.2,42/61,-,-,EQ-LC&MC  ,"Jun 10, 2010",466.9
DSP BlackRock Global Allocation Fund - Regular Plan,Unrated,1000,1 (729),2.09," Jay Kothari (1.0), Laukik Bagwe (1.0)",-0.86,-,0.32,-,-,-,-,-,-,-,-,-,EQ-INTL   ,"Aug 14, 2014",54.64
DSP BlackRock Micro Cap Fund - Regular Plan,* * * * ,1000,-,2.41," Vinit Sambre (5.1), Jay Kothari (2.4)",8.64,19/114,3.61,80/114,51.33,4/112,40.36,4/52,20.95,11/48,-,-,EQ-M&SC   ,"Jun 14, 2007",2009.51
DSP BlackRock Natural Resources and New Energy Fund - Regular Plan,Unrated,1000,1 (364),2.93," Rohit Singhania (3.1), Jay Kothari (2.4)",5.92,-,2.29,-,11.86,-,14.91,-,7.06,-,-,-,EQ-OTH    ,"Apr 25, 2008",57.31
DSP BlackRock Opportunities Fund,* * * ,1000,1 (364),2.56, Rohit Singhania (0.1),6.69,18/135,4.48,63/135,25.93,40/125,26.7,15/66,13.16,35/61,17.96,10/27,EQ-LC&MC  ,"May 16, 2000",742.33
DSP BlackRock Small and Mid Cap Fund - Regular Plan,* * ,1000,-,2.43," Apoorva Shah (7.3), Vinit Sambre (3.1)",9.86,7/114,4.66,62/114,33.93,60/112,31.63,32/52,17.23,28/48,-,-,EQ-M&SC   ,"Nov 14, 2006",1829.86
DSP BlackRock T.I.G.E.R. Fund - Regular Plan,* * * * ,1000,1 (729),2.37, Rohit Singhania (5.1),9.18,9/43,4.82,19/43,21.93,18/43,23.09,7/22,9.12,6/20,16.63,1/3,EQ-INFRA  ,"Jun 11, 2004",1591.72
DSP BlackRock Tax Saver Fund,* * * * ,500,-,2.64, Apoorva Shah (3.1),6.84,11/75,5.08,31/75,24.76,43/73,27.94,8/37,14.61,12/36,-,-,EQ-TP     ,"Jan 18, 2007",1117.52
DSP BlackRock Technology.com Fund - Regular Plan,Unrated,1000,1 (364),2.97, Vinit Sambre (3.1),2.37,2/10,-0.12,6/10,14.92,10/10,25.02,4/5,8.92,5/5,15.67,2/5,EQ-IT     ,"May 16, 2000",79.42
DSP BlackRock Top 100 Equity Fund - Regular Plan,* * * ,1000,1 (364),2.28, Apoorva Shah (9.3),7.98,7/148,4.74,27/145,15.09,64/143,19.73,34/75,11.83,20/64,18.71,2/35,EQ-LC     ,"Mar 10, 2003",3421.03
DSP BlackRock US Flexible Equity Fund,Unrated,1000,1 (729),2.06," Laukik Bagwe (3.0), Jay Kothari (2.4)",-0.61,-,1.92,-,12.03,-,-,-,-,-,-,-,EQ-INTL   ,"Jul 31, 2012",131.07
DSP BlackRock World Agriculture Fund,Unrated,1000,1 (729),1.79, Jay Kothari (2.4),-2.88,-,2.99,-,2.51,-,8.95,-,-,-,-,-,EQ-INTL   ,"Oct 21, 2011",33.26
DSP BlackRock World Energy Fund - Regular Plan,Unrated,1000,1 (729),1.82, Jay Kothari (2.4),-8.86,-,-12.32,-,-20.34,-,2.84,-,5.84,-,-,-,EQ-INTL   ,"Aug 14, 2009",26.03
DSP BlackRock World Gold Fund - Regular Plan,Unrated,1000,1 (729),1.79, Jay Kothari (2.4),-19.8,-,-18.13,-,-35.23,-,-20.37,-,-11.97,-,-,-,EQ-INTL   ,"Sep 14, 2007",211.24
DSP BlackRock World Mining Fund - Regular Plan,Unrated,1000,1 (729),1.82, Jay Kothari (2.4),-14.04,-,-12.36,-,-37.42,-,-14.51,-,-8.25,-,-,-,EQ-INTL   ,"Dec 29, 2009",10.27
DWS Alpha Equity Fund,* * * * ,5000,-,2.86, Akash Singhania (2.6),5.63,39/148,4.08,43/145,23.05,27/143,23.46,7/75,11.43,25/64,16.81,9/35,EQ-LC     ,"Jan 21, 2003",106.42
DWS Global Agribusiness Offshore Fund,Unrated,5000,1 (365),1.9," Kumaresh Ramakrishnan (5.3), Akash Singhania (2.6)",-2.88,-,0,-,-1.76,-,6.34,-,10.39,-,-,-,EQ-INTL   ,"May 13, 2010",44.14
DWS Investment Opportunity Fund,* * ,5000,1 (365),2.6, Akash Singhania (2.6),5.88,56/135,3.95,75/135,22.6,70/125,22.22,43/66,9.58,53/61,16.36,20/27,EQ-LC&MC  ,"Jan 29, 2004",274.55
DWS Tax Saving Fund,* * ,500,-,2.73, Akash Singhania (2.6),5.87,37/75,4.23,42/75,23.35,48/73,24.08,21/37,10.6,33/36,-,-,EQ-TP     ,"Mar 20, 2006",45.1
DWS Top Euroland Offshore Fund,Unrated,5000,1 (365),2.12," Kumaresh Ramakrishnan (8.0), Akash Singhania (2.6)",3.87,-,6.21,-,5.62,-,12.63,-,11.63,-,-,-,EQ-INTL   ,"Sep 11, 2007",31.59
Edelweiss Diversified Growth Equity Top 100 Fund,* * * * ,1000,-,2.85," Ashish Sahay (1.1), Kartik Soral (0.3)",4.62,105/135,3.86,80/135,24.69,51/125,24.35,34/66,14.71,17/61,-,-,EQ-LC&MC  ,"May 20, 2009",94.03
Edelweiss ELSS Fund,* * * * ,500,-,2.85," Bhavesh Jain (2.0), Ashish Sahay (0.3)",5.8,39/75,5.21,28/75,29.23,25/73,26.53,12/37,14.81,10/36,-,-,EQ-TP     ,"Dec 30, 2008",58.27
Edelweiss Exchange Traded Scheme-Nifty (Nifty EES),Unrated,10000,-,-," Ashish Sahay (0.2), Bhavesh Jain (0.2)",4.83,70/148,-,-,-,-,-,-,-,-,-,-,EQ-LC     ,"May 05, 2015",14.75
Edelweiss Select Midcap Fund,* * * ,5000,-,2.84," Bhavesh Jain (2.0), Ashish Sahay (0.3)",6.26,71/114,4.72,61/114,32.56,67/112,30.78,34/52,-,-,-,-,EQ-M&SC   ,"Aug 25, 2011",33.94
Edelweiss Value Opportunities Fund,Unrated,1000,-,1.07," Bhavesh Jain (2.0), Ashish Sahay (0.3)",6.37,29/135,4.77,51/135,21.51,86/125,17.73,58/66,10.68,45/61,-,-,EQ-LC&MC  ,"Aug 12, 2009",0.53
Escorts Growth Fund,* ,1000,1 (365),2.5, Archit Singhal (3.6),5.33,92/114,2.46,97/114,23.81,98/112,26.45,43/52,10.44,46/48,13.86,18/20,EQ-M&SC   ,"Mar 21, 2001",8.89
Escorts High Yield Equity Fund,Unrated,1000,1 (365),2.5, Archit Singhal (3.6),7.25,43/114,4.33,65/114,42.72,19/112,27.28,39/52,14.09,40/48,-,-,EQ-M&SC   ,"Dec 11, 2006",3.42
Escorts Infrastructure Fund,Unrated,5000,-,2.5, Archit Singhal (3.6),6.34,32/43,-0.53,39/43,3.96,42/43,11.37,22/22,-4.4,20/20,-,-,EQ-INFRA  ,"Aug 31, 2007",2.32
Escorts Leading Sectors Fund,Unrated,1000,1 (365),2.5, Archit Singhal (3.6),6.29,66/114,4.18,68/114,39.28,34/112,32.12,30/52,15.11,36/48,-,-,EQ-M&SC   ,"Aug 01, 2008",1.9
Escorts Power & Energy Fund,Unrated,1000,1 (365),2.5, Archit Singhal (3.6),9.12,-,6.91,-,15.52,-,18.36,-,0.78,-,-,-,EQ-OTH    ,"Sep 23, 2008",0.82
Escorts Tax Plan,Unrated,500,-,2.5, Archit Singhal (3.6),1.74,75/75,-0.63,74/75,28.6,26/73,17.5,37/37,3.24,36/36,8.94,19/19,EQ-TP     ,"Apr 01, 2000",2.89
Franklin Asian Equity Fund,Unrated,5000,1 (1095),2.87," Roshi Jain (7.7), Neeraj Gaurh (1.5)",-2,-,-5.18,-,4.5,-,11.62,-,9.75,-,-,-,EQ-INTL   ,"Jan 16, 2008",120.88
Franklin Build India Fund,* * * * * ,5000,1 (730),2.92," Anand Radhakrishnan (6.0), Roshi Jain (6.0)",5.13,42/43,3.81,29/43,44.69,2/43,38.5,1/22,20.1,1/20,-,-,EQ-INFRA  ,"Sep 04, 2009",487.24
Franklin India Bluechip Fund,* * * * ,5000,1 (365),2.2," Anand Radhakrishnan (8.3), Anand Vasudevan (4.5)",4.78,86/148,4.76,26/145,23.66,20/143,20.63,24/75,13,11/64,17.99,4/35,EQ-LC     ,"Dec 01, 1993",6389.85
Franklin India Feeder - Franklin European Growth Fund,Unrated,5000,1 (1095),1.78, Neeraj Gaurh (1.2),-1.44,-,4.3,-,-6.04,-,-,-,-,-,-,-,EQ-INTL   ,"May 19, 2014",49.27
Franklin India Feeder Franklin US Opportunities Fund,Unrated,5000,-,1.86, Roshi Jain (3.5),2.23,-,4.26,-,22.94,-,25.42,-,-,-,-,-,EQ-INTL   ,"Feb 06, 2012",757.12
Franklin India Flexi Cap Fund,* * * * * ,5000,1 (365),2.31," Anand Vasudevan (4.5), Roshi Jain (2.9), R Janakiraman (1.4)",4.3,111/135,4.09,71/135,29.05,26/125,28.23,6/66,16.04,6/61,19.1,5/27,EQ-LC&MC  ,"Mar 02, 2005",2666.81
Franklin India High Growth Companies Fund,* * * * * ,5000,1 (730),2.45," Roshi Jain (3.0), R Janakiraman (1.4)",4.97,52/61,4.3,39/61,40.71,2/56,36.33,1/28,19.8,1/26,-,-,EQ-MLC    ,"Jul 26, 2007",2934.4
Franklin India Index Fund - NSE Nifty Plan,* * ,5000,1 (30),1.05, Anil Prabhudas (11.3),4.67,107/148,2.37,108/145,12.69,105/143,18.33,54/75,9.98,45/64,14.37,20/35,EQ-LC     ,"Aug 04, 2000",213.67
Franklin India Life Stage Fund of Funds 20s,* * * ,5000,1 (365),1.38," Sachin Padwal-Desai (9.5), Pallab Roy (7.1), Anand Radhakrishnan (4.5)",4.28,112/135,4.23,69/135,22.35,76/125,20.24,55/66,13.12,37/61,16.01,24/27,EQ-LC&MC  ,"Dec 01, 2003",13.46
Franklin India Opportunities Fund,* * * ,5000,1 (365),2.79," Anil Prabhudas (4.5), R Janakiraman (2.3)",4.81,101/135,4.66,55/135,34.2,6/125,27.2,12/66,14.27,21/61,15.47,25/27,EQ-LC&MC  ,"Mar 10, 2004",418.75
Franklin India Prima Fund,* * * * ,5000,1 (365),2.31," R Janakiraman (7.4), Roshi Jain (1.4)",5.64,83/114,5.25,47/114,37.45,41/112,37.01,11/52,20.41,13/48,17.62,12/20,EQ-M&SC   ,"Dec 01, 1993",3576.09
Franklin India Prima Plus Fund,* * * * * ,5000,1 (365),2.29," Anand Radhakrishnan (8.3), R Janakiraman (4.5)",5.16,80/135,4.81,46/135,33.66,7/125,28.34,4/66,17.36,2/61,20.11,1/27,EQ-LC&MC  ,"Sep 29, 1994",4581.71
Franklin India Smaller Companies Fund,* * * * * ,5000,-,2.45," R Janakiraman (7.4), Roshi Jain (1.4)",5.34,91/114,2.98,93/114,36.91,47/112,41.98,2/52,22.5,4/48,-,-,EQ-M&SC   ,"Jan 13, 2006",2274.67
Franklin India Taxshield Fund,* * * * * ,500,-,2.43," Anand Radhakrishnan (8.3), Anil Prabhudas (4.5)",5.47,54/75,5.03,32/75,33.64,14/73,27.9,9/37,17.95,4/36,18.69,2/19,EQ-TP     ,"Apr 10, 1999",1766.51
Franklin Infotech Fund,Unrated,5000,1 (730),2.82, Anand Radhakrishnan (8.4),0.11,10/10,0.75,4/10,16.56,8/10,24.54,5/5,14.22,3/5,14.38,4/5,EQ-IT     ,"Aug 22, 1998",165.8
Goldman Sachs Banking BeES Fund,* * * ,10000,-,0.54, Payal Kaipunjal (1.2),6.79,8/29,6.03,11/29,24.27,9/23,21.91,5/13,13.98,5/10,17.86,2/3,EQ-BANK   ,"May 27, 2004",1410.43
Goldman Sachs CNX 500 Fund,* * ,10000,1.5 (365),1.74, Gauri Sekaria (1.2),5.4,72/135,2.94,98/135,15,104/125,19.54,57/66,9.5,56/61,-,-,EQ-LC&MC  ,"Jan 06, 2009",64.67
Goldman Sachs CNX Nifty Shariah BeES Fund,Unrated,10000,-,1, Gauri Sekaria (2.5),5.03,56/148,7.52,2/145,18.04,49/143,20.38,27/75,9.73,48/64,-,-,EQ-LC     ,"Mar 18, 2009",2.14
Goldman Sachs CPSE Exchange Traded Fund,Unrated,5000,-,0.54, Payal Kaipunjal (1.3),1.59,144/148,2.66,81/145,0.2,143/143,-,-,-,-,-,-,EQ-LC     ,"Mar 28, 2014",2372.77
Goldman Sachs Hang Seng BeES Fund,Unrated,10000,-,1," Payal Kaipunjal (5.4), Gauri Sekaria (1.2)",-4.09,-,-3.79,-,16.47,-,16.86,-,13.6,-,-,-,EQ-INTL   ,"Mar 09, 2010",7.65
Goldman Sachs India Equity Fund,Unrated,5000,1 (365),2.84," Aman Batra (2.8), Hiren Dasani (2.1)",7.82,10/61,6.52,19/61,34.59,4/56,-,-,-,-,-,-,EQ-MLC    ,"Nov 07, 2012",106.84
Goldman Sachs Infra BeES Fund,* ,10000,-,1.11, Gauri Sekaria (2.5),5.9,35/43,3.85,28/43,3.27,43/43,12.73,21/22,-,-,-,-,EQ-INFRA  ,"Sep 29, 2010",16.38
Goldman Sachs Nifty ETS Fund,* * * ,10000,-,0.54, Payal Kaipunjal (1.2),4.82,75/148,2.5,96/145,13.34,78/143,18.52,52/75,10.54,35/64,15.24,16/35,EQ-LC     ,"Dec 28, 2001",770.75
Goldman Sachs Nifty Junior BeES Fund,* * * ,10000,-,1.1, Payal Kaipunjal (7.2),7.08,17/61,7.12,8/61,27.24,19/56,27.07,7/28,12.63,14/26,15.77,9/15,EQ-MLC    ,"Feb 21, 2003",98.28
Goldman Sachs PSU Bank BeES Fund,* * ,10000,-,0.51, Payal Kaipunjal (7.2),3.63,29/29,-8.37,29/29,-7.14,22/23,3.27,12/13,-1.1,9/10,-,-,EQ-BANK   ,"Oct 25, 2007",36.81
HDFC Capital Builder Fund,* * * ,5000,-,2.68," Chirag Setalvad (8.3), Miten Lathia (5.0)",5.68,65/135,2.92,100/135,22.35,77/125,25.58,26/66,14.45,19/61,17.46,14/27,EQ-LC&MC  ,"Feb 01, 1994",920.52
HDFC Core & Satellite Fund,* ,5000,-,2.77, Vinay R Kulkarni (8.7),7.38,12/61,5.2,31/61,13.41,53/56,20.85,23/28,9.78,25/26,15.67,10/15,EQ-MLC    ,"Sep 17, 2004",270.03
HDFC Equity Fund,* * ,5000,1 (365),2.17, Prashant Jain (12.1),5.04,90/135,1.74,114/135,13.7,107/125,23.07,38/66,13.17,34/61,19.96,3/27,EQ-LC&MC  ,"Jan 01, 1995",18032.2
HDFC Growth Fund,* * ,5000,-,2.44, Srinivas Rao Ravuri (9.3),4.76,102/135,2.19,112/135,13.15,109/125,17.71,59/66,10.78,44/61,17.63,13/27,EQ-LC&MC  ,"Sep 11, 2000",1183.14
HDFC Index Fund - Nifty Plan,* * * ,5000,1 (90),0.5, Vinay R Kulkarni (8.6),4.71,102/148,2.53,90/145,13.26,83/143,19,45/75,10.13,40/64,13.1,28/35,EQ-LC     ,"Jul 17, 2002",117.92
HDFC Index Fund - Sensex Plan,* * * ,5000,1 (30),0.3, Vinay R Kulkarni (8.6),4.22,121/148,2.74,77/145,11.94,123/143,19.18,41/75,10.27,39/64,13.34,27/35,EQ-LC     ,"Jul 17, 2002",86.52
HDFC Index Fund - Sensex Plus Plan,* * * ,5000,1 (30),1.06, Vinay R Kulkarni (8.6),4.53,110/148,2.79,74/145,13.36,77/143,19.33,39/75,11.6,22/64,16.45,11/35,EQ-LC     ,"Jul 17, 2002",128.2
HDFC Infrastructure Fund,* * * ,5000,1 (365),2.25," Prashant Jain (7.5), Srinivas Rao Ravuri (7.5)",6.84,25/43,-1.53,43/43,12.92,34/43,19.15,12/22,6.65,9/20,-,-,EQ-INFRA  ,"Mar 10, 2008",1865.9
HDFC Large Cap Fund - Regular Plan,Unrated,5000,-,2.38," Rakesh Vyas (1.1), Vinay R Kulkarni (1.1)",3.71,136/148,3.31,62/145,13.18,89/143,18.59,51/75,8.6,62/64,12.61,29/35,EQ-LC     ,"Feb 18, 1994",1247.27
HDFC Long Term Advantage Fund,* * * ,500,-,2.51, Chirag Setalvad (8.3),2.72,72/75,0.09,73/75,11.12,71/73,22.26,31/37,13.28,19/36,15.29,10/19,EQ-TP     ,"Jan 02, 2001",1170.51
HDFC Mid-Cap Opportunities Fund,* * * * ,5000,1 (365),2.28, Chirag Setalvad (8.2),4.78,104/114,3.78,76/114,33.06,65/112,32.9,27/52,21.32,9/48,-,-,EQ-M&SC   ,"Jun 25, 2007",10211.89
HDFC Premier Multi-Cap Fund,* ,5000,1 (365),2.78, Vinay R Kulkarni (8.7),6.7,24/61,3.88,42/61,14.76,50/56,20.28,24/28,9.91,24/26,14.88,13/15,EQ-MLC    ,"Apr 06, 2005",317.26
HDFC Small and Mid Cap Fund - Regular Plan,Unrated,5000,-,2.57," Chirag Setalvad (1.1), Rakesh Vyas (1.1)",5.47,88/114,1.6,106/114,25.6,88/112,25.4,45/52,12.81,42/48,-,-,EQ-M&SC   ,"Apr 03, 2008",908.82
HDFC Taxsaver Fund,* * ,500,-,2.3, Vinay R Kulkarni (8.7),4.41,65/75,0.22,71/75,12.21,69/73,22.99,28/37,12.49,23/36,16.61,8/19,EQ-TP     ,"Mar 31, 1996",4930.44
HDFC Top 200 Fund,* * * ,5000,1 (365),2.22, Prashant Jain (13.6),5.02,57/148,1.68,129/145,12.35,111/143,20.77,22/75,12.09,18/64,19.45,1/35,EQ-LC     ,"Sep 03, 1996",13380.51
HSBC Asia Pacific (Ex Japan) Dividend Yield Fund - Regular Plan,Unrated,10000,-,1.74," Sanjay Shah (1.5), Anitha Rangan (0.8)",-3.01,-,-4.7,-,-2.5,-,-,-,-,-,-,-,EQ-INTL   ,"Feb 24, 2014",27.7
HSBC Brazil Fund,Unrated,10000,-,1.97, Anitha Rangan (0.8),-6.46,-,-8.2,-,-36.72,-,-12.06,-,-,-,-,-,EQ-INTL   ,"May 06, 2011",37.13
HSBC Dividend Yield Equity Fund,* ,10000,-,2.52," Amaresh Mishra (3.1), Gaurav Mehrotra (3.1)",3.31,125/135,1.5,116/135,12.62,112/125,17.47,61/66,9.51,55/61,-,-,EQ-LC&MC  ,"Mar 21, 2007",45.95
HSBC Dynamic Fund,* ,10000,-,2.9," Sanjay Shah (5.9), Neelotpal Sahai (2.2)",3.8,133/148,3.92,49/145,12.19,117/143,14.16,74/75,7.75,64/64,-,-,EQ-LC     ,"Sep 24, 2007",62.98
HSBC Emerging Markets Fund,Unrated,10000,-,1.97, Anitha Rangan (0.8),-5.43,-,-9.51,-,-8.16,-,4.96,-,3.95,-,-,-,EQ-INTL   ,"Mar 17, 2008",10.74
HSBC Equity Fund,* ,10000,-,2.57, Neelotpal Sahai (2.2),4.75,95/148,3.09,68/145,9.95,136/143,17.6,68/75,9.27,56/64,14.5,19/35,EQ-LC     ,"Dec 10, 2002",636.39
HSBC Global Consumer Opportunities Fund - Regular Plan,Unrated,5000,-,1.73," Anitha Rangan (0.5), Sanjay Shah (0.5)",-1.4,-,-0.04,-,-,-,-,-,-,-,-,-,EQ-INTL   ,"Feb 16, 2015",20.77
HSBC India Opportunities Fund,* * * * ,10000,-,2.63, Neelotpal Sahai (2.2),4.14,118/135,3.73,84/135,20.59,92/125,24.88,30/66,14.98,13/61,16.29,21/27,EQ-LC&MC  ,"Feb 24, 2004",501.43
HSBC Midcap Equity Fund,* ,10000,-,2.73, Dhiraj Sachdev (5.6),8.28,26/114,6.76,27/114,31.16,71/112,31.08,33/52,11.84,44/48,13.34,19/20,EQ-M&SC   ,"May 19, 2005",372.24
HSBC Progressive Themes Fund,* ,10000,-,2.85, Dhiraj Sachdev (5.6),10.06,3/114,6.96,22/114,26.41,85/112,23.26,49/52,7.76,47/48,-,-,EQ-M&SC   ,"Feb 23, 2006",135.69
HSBC Tax Saver Equity Fund,* * * ,500,-,2.77, Aditya Khemani (6.4),6.1,26/75,5.26,25/75,19.32,60/73,25,16/37,14.04,13/36,-,-,EQ-TP     ,"Jan 05, 2007",184.35
ICICI Prudential Advisor Series - Very Aggressive Plan - Regular Plan,Unrated,5000,1 (365),0.75, Mrinal Singh (4.8),1.12,148/148,0.2,142/145,12.11,118/143,12.9,75/75,8.89,60/64,13.63,23/35,EQ-LC     ,"Dec 18, 2003",4.55
ICICI Prudential Banking and Financial Services Fund - Regular Plan,* * * * * ,5000,1 (365),2.67, Vinay Sharma (0.4),7.06,4/29,7.42,3/29,25.72,6/23,29.12,1/13,18.33,1/10,-,-,EQ-BANK   ,"Aug 22, 2008",885.68
ICICI Prudential CNX 100 ETF Fund,Unrated,5000,-,0.49, Kayzad Eghlim (2.0),5.09,51/148,3.12,67/145,15.32,62/143,-,-,-,-,-,-,EQ-LC     ,"Aug 20, 2013",27.09
ICICI Prudential Dividend Yield Equity Fund - Regular Plan,Unrated,5000,1 (365),3.01," Ashwin Jain (1.2), Mrinal Singh (1.2), Vinay Sharma (1.2)",5.24,45/61,3.15,50/61,12.57,56/56,-,-,-,-,-,-,EQ-MLC    ,"May 16, 2014",298.43
ICICI Prudential Dynamic Fund - Regular Plan,* * * ,5000,-,2.26," Mittul Kalawadia (3.5), Sankaran Naren (3.5)",0.98,135/135,-2.47,135/135,9.33,119/125,20.74,50/66,13.01,38/61,18.9,6/27,EQ-LC&MC  ,"Oct 31, 2002",5775.17
ICICI Prudential Exports and Other Services Fund - Regular Plan,Unrated,5000,-,2.6, Yogesh Bhatt (3.5),8.04,-,6.41,-,41.22,-,42.37,-,22.56,-,-,-,EQ-OTH    ,"Nov 30, 2005",623.04
ICICI Prudential FMCG Fund - Regular Plan,Unrated,5000,1 (365),2.73, Vinay Sharma (1.2),6.04,4/4,1.27,4/4,27.37,2/4,21,2/2,21.71,2/2,21.04,1/2,EQ-CG     ,"Mar 31, 1999",239.41
ICICI Prudential Focused Bluechip Equity Fund - Regular Plan,* * * * * ,5000,1 (365),2.19, Manish Gunwani (3.5),4.77,90/148,2.9,72/145,17.34,51/143,23.24,10/75,15.01,3/64,-,-,EQ-LC     ,"May 23, 2008",9107.21
ICICI Prudential Global Stable Equity Fund - Regular Plan,Unrated,5000,3 (90),2.03," Rohan Maru (1.8), Ashwin Jain (1.4), Shalya Shah (0.8)",0.33,-,1.87,-,10.71,-,-,-,-,-,-,-,EQ-INTL   ,"Sep 13, 2013",66.65
ICICI Prudential Index Fund - Regular Plan,* * * ,5000,0.25 (7),0.74, Kayzad Eghlim (5.9),4.77,87/148,2.37,110/145,12.83,100/143,18.9,46/75,10.55,34/64,15.57,13/35,EQ-LC     ,"Feb 26, 2002",116.5
ICICI Prudential Indo Asia Equity Fund - Regular Plan,* * * * * ,5000,1 (365),2.71," Atul Patel (0.4), Sankaran Naren (0.4)",1.63,130/135,-0.47,127/135,21.88,81/125,26.25,19/66,16.36,4/61,-,-,EQ-LC&MC  ,"Oct 18, 2007",156.44
ICICI Prudential Infrastructure Fund - Regular Plan,* * * ,5000,1 (365),2.3, Yogesh Bhatt (3.5),6.99,19/43,3.88,27/43,15.85,31/43,20.81,8/22,8.2,8/20,-,-,EQ-INFRA  ,"Aug 31, 2005",1721.7
ICICI Prudential Midcap Fund - Regular Plan,* * * ,5000,1 (365),2.51, Mrinal Singh (4.2),8.65,18/114,5.74,35/114,30.36,74/112,34.67,21/52,16.48,32/48,17.11,14/20,EQ-M&SC   ,"Oct 28, 2004",1296.67
ICICI Prudential Nifty ETF Fund,Unrated,5000,-,0.49, Kayzad Eghlim (2.4),4.83,72/148,2.5,94/145,13.33,80/143,-,-,-,-,-,-,EQ-LC     ,"Mar 20, 2013",203.28
ICICI Prudential Nifty Junior Index Fund,* * * ,5000,-,0.71, Kayzad Eghlim (5.1),7.06,18/61,6.6,18/61,26.37,23/56,26.39,10/28,12.05,17/26,-,-,EQ-MLC    ,"Jun 25, 2010",24.13
ICICI Prudential Select Large Cap Fund - Regular Plan,* * * ,5000,1 (365),3," Vinay Sharma (1.2), Sankaran Naren (0.4)",2.79,142/148,0.26,140/145,14.12,70/143,20.57,25/75,11.84,19/64,-,-,EQ-LC     ,"May 28, 2009",548.61
ICICI Prudential SPIcE Fund,Unrated,5000,-,0.4, Kayzad Eghlim (4.4),4.29,117/148,2.71,79/145,12,122/143,19.39,38/75,11.32,27/64,15.54,14/35,EQ-LC     ,"Jan 10, 2003",4.83
ICICI Prudential Tax Plan - Regular Plan,* * * * ,500,-,2.48," Chintan Haria (4.2), George Heber Joseph (0.3)",5.51,53/75,2.04,65/75,18.77,62/73,26.35,15/37,15.38,9/36,16.73,7/19,EQ-TP     ,"Aug 19, 1999",2626.27
ICICI Prudential Technology Fund - Regular Plan,Unrated,5000,1 (365),2.7, Mrinal Singh (6.9),1.9,4/10,1.13,2/10,18.08,4/10,31.09,1/5,20.34,1/5,17.3,1/5,EQ-IT     ,"Mar 03, 2000",385.6
ICICI Prudential Top 100 Fund - Regular Plan,* * * * ,5000,-,2.36," Mittul Kalawadia (3.5), Sankaran Naren (3.5)",1.17,146/148,-2.6,145/145,8.91,140/143,20.29,30/75,13.17,8/64,16.56,10/35,EQ-LC     ,"Jul 09, 1998",1462.21
ICICI Prudential Top 200 Fund - Regular Plan,* * * ,5000,1 (540),2.59, Yogesh Bhatt (3.5),4.92,92/135,5.14,37/135,22.45,75/125,25.49,27/66,13.97,23/61,17.1,16/27,EQ-LC&MC  ,"Oct 01, 1994",878.01
ICICI Prudential US Bluechip Equity Fund,Unrated,5000,3 (90),2.75," Rohan Maru (1.8), Ashwin Jain (1.4), Shalya Shah (0.8)",0.83,-,1.22,-,9.75,-,21.74,-,-,-,-,-,EQ-INTL   ,"Jul 06, 2012",181.75
ICICI Prudential Value Discovery Fund - Regular Plan,* * * * ,5000,-,2.23, Mrinal Singh (4.4),3.6,110/114,3.13,90/114,27.86,82/112,32.89,28/52,20.11,16/48,21.72,2/20,EQ-M&SC   ,"Aug 16, 2004",9770.43
IDBI Diversified Equity Fund - Regular Plan,Unrated,5000,1 (365),2.9, V Balasubramanian (1.4),5.36,90/114,3.78,75/114,38.81,36/112,-,-,-,-,-,-,EQ-M&SC   ,"Mar 28, 2014",259.29
IDBI Equity Advantage Fund - Regular Plan,Unrated,500,-,2.86, V Balasubramanian (1.9),7.41,2/75,4.92,33/75,42.16,2/73,-,-,-,-,-,-,EQ-TP     ,"Sep 10, 2013",339.78
IDBI India Top 100 Equity Fund,* * * * * ,5000,1 (365),2.84, V Balasubramanian (3.2),6.76,13/148,5.88,13/145,28.37,3/143,25.1,1/75,-,-,-,-,EQ-LC     ,"May 15, 2012",167.18
IDBI Nifty Index Fund,* ,5000,-,1.62, Anshul Mishra (0.3),4.74,96/148,2.19,122/145,11.69,126/143,18.08,60/75,9.64,51/64,-,-,EQ-LC     ,"Jun 25, 2010",90.42
IDBI Nifty Junior Index Fund,* * * ,5000,-,1.67, Anshul Mishra (0.3),6.99,21/61,6.84,14/61,25.68,26/56,26.24,11/28,-,-,-,-,EQ-MLC    ,"Sep 20, 2010",31.42
IDFC Classic Equity Fund - Regular Plan,* * ,5000,2 (540),2.88, Ankur Arora (3.4),5.09,86/135,2.31,111/135,21.62,85/125,20.59,53/66,9.98,51/61,-,-,EQ-LC&MC  ,"Aug 09, 2005",172.23
IDFC Equity Fund - Regular Plan,* * * ,5000,-,2.79, Kenneth Andrade (9.3),3.77,134/148,1.13,134/145,11.74,125/143,18.06,61/75,10.38,38/64,-,-,EQ-LC     ,"Jun 09, 2006",285.1
IDFC Imperial Equity Fund - Regular Plan,* ,5000,1 (365),2.9, Ankur Arora (2.8),3.94,130/148,1.85,127/145,14.61,69/143,16.79,71/75,8.72,61/64,-,-,EQ-LC     ,"Mar 16, 2006",132.3
IDFC Infrastructure Fund - Regular Plan,* * ,5000,1 (365),2.8, Rajendra Kumar Mishra (2.1),11.04,2/43,7.86,6/43,23.24,14/43,14.8,19/22,-,-,-,-,EQ-INFRA  ,"Mar 08, 2011",143.36
IDFC Nifty Fund - Regular Plan,* * * ,500,1 (7),0.27, Punam Sharma (3.8),4.79,82/148,2.36,111/145,13.06,93/143,19.11,43/75,10.99,28/64,-,-,EQ-LC     ,"Apr 30, 2010",45.57
IDFC Premier Equity Fund - Regular Plan,* * * ,10000,1 (365),2.32, Kenneth Andrade (8.4),5.95,77/114,2.46,96/114,33.26,64/112,31.64,31/52,19.5,17/48,-,-,EQ-M&SC   ,"Sep 15, 2005",6879.36
IDFC Sterling Equity Fund - Regular Plan,* * * ,5000,2 (540),2.38, Aniruddha Naha (2.1),3.31,112/114,1.21,109/114,28.91,80/112,25.99,44/52,15.73,33/48,-,-,EQ-M&SC   ,"Mar 07, 2008",1766.72
IDFC Tax Advantage (ELSS) Fund - Regular Plan,* * * * * ,500,-,2.88, Aniruddha Naha (2.2),4.15,70/75,3.42,50/75,32.15,17/73,30.48,4/37,16.7,6/36,-,-,EQ-TP     ,"Dec 26, 2008",357.67
IIFL India Growth Fund - Regular Plan,Unrated,5000,-,2.45, Manish Bandi (0.8),4.15,117/135,0.88,122/135,-,-,-,-,-,-,-,-,EQ-LC&MC  ,"Oct 22, 2014",191.24
IIFL Nifty ETF Fund,* * * ,5000,-,0.25, Manish Bandi (3.8),4.83,74/148,2.59,85/145,13.55,74/143,19.65,35/75,-,-,-,-,EQ-LC     ,"Oct 18, 2011",5.89
Indiabulls Bluechip Fund,* ,500,1 (365),2.83," Amarjeet Singh (3.5), Sumit Bhatnagar (3.5)",8,6/148,4.6,29/145,16.95,52/143,17.84,66/75,-,-,-,-,EQ-LC     ,"Feb 10, 2012",22.24
JM Basic Fund,Unrated,5000,-,2.81, Asit Bhandarkar (8.6),6.31,-,5.7,-,25.17,-,23.87,-,4.63,-,7.98,-,EQ-OTH    ,"Jun 22, 2005",163.62
JM Core 11 Fund,* ,5000,-,2.91," Asit Bhandarkar (6.4), Chaitanya Choksi (1.0)",2.27,128/135,2.67,106/135,15.5,102/125,22.53,41/66,4.96,61/61,-,-,EQ-LC&MC  ,"Mar 05, 2008",31.22
JM Equity Fund,* * ,5000,-,2.94," Sanjay Kumar Chhabaria (7.6), Chaitanya Choksi (1.0)",3.85,132/148,2.92,71/145,21.09,35/143,21.6,18/75,9.24,57/64,9.98,35/35,EQ-LC     ,"Apr 01, 1995",31
JM Multi Strategy Fund,* ,5000,-,2.83, Sanjay Kumar Chhabaria (6.4),6.29,35/135,8.99,4/135,26.53,36/125,26.76,13/66,9.15,59/61,-,-,EQ-LC&MC  ,"Sep 23, 2008",141.54
JM Tax Gain Fund,* * ,500,-,2.89," Sanjay Kumar Chhabaria (4.8), Chaitanya Choksi (1.0)",5.43,56/75,7.26,5/75,26.83,32/73,27.78,10/37,10.42,35/36,-,-,EQ-TP     ,"Mar 31, 2008",32.54
JP Morgan Emerging Markets Opportunities Equity Offshore Fund - Regular Plan,Unrated,5000,1 (365),1.6, Namdev Babu Chougule (1.1),-5.39,-,-8,-,-5.37,-,-,-,-,-,-,-,EQ-INTL   ,"Jul 07, 2014",10.81
JP Morgan Europe Dynamic Equity Offshore Fund - Regular Plan,Unrated,5000,1 (365),1.7, Namdev Babu Chougule (1.5),2.71,-,5.09,-,5.64,-,-,-,-,-,-,-,EQ-INTL   ,"Feb 07, 2014",147.87
JP Morgan India Economic Resurgence Fund - Regular Plan,Unrated,5000,1 (365),2.7," Harshad Patwardhan (0.5), Karan Sikka (0.5)",7.54,2/135,6.75,13/135,-,-,-,-,-,-,-,-,EQ-LC&MC  ,"Feb 03, 2015",95.73
JP Morgan India Equity Fund,* * * * ,5000,-,2.56," Amit Gadgil (8.3), Harshad Patwardhan (8.3)",6.26,24/148,4.77,25/145,23.47,21/143,23.42,9/75,13.23,7/64,-,-,EQ-LC     ,"Jun 14, 2007",308.36
JP Morgan India Mid and Small Cap Fund,* * * * ,5000,-,2.54," Harshad Patwardhan (7.7), Amit Gadgil (7.5)",6.48,63/114,6.54,29/114,40.51,27/112,38.9,8/52,21.42,8/48,-,-,EQ-M&SC   ,"Dec 26, 2007",518.92
JP Morgan India Tax Advantage Fund,* * * ,500,-,2.7," Harshad Patwardhan (6.6), Karan Sikka (3.8)",6.39,19/75,5.47,19/75,24.78,42/73,23.39,25/37,13.25,20/36,-,-,EQ-TP     ,"Jan 27, 2009",11.26
JP Morgan India Top 100 Fund - Regular Plan,Unrated,5000,1 (365),2.59," Amit Gadgil (1.1), Harshad Patwardhan (1.1)",5.6,41/148,3.55,59/145,20.34,38/143,-,-,-,-,-,-,EQ-LC     ,"Jun 23, 2014",191.82
JP Morgan JF ASEAN Equity Off-shore Fund,Unrated,5000,-,1.75, Namdev Babu Chougule (4.1),-2.13,-,-6.78,-,-5.19,-,8.25,-,-,-,-,-,EQ-INTL   ,"Jul 01, 2011",144.79
JP Morgan JF Greater China Equity Off-shore Fund,Unrated,10000,-,1.7, Namdev Babu Chougule (6.0),-5.18,-,-3.77,-,14.55,-,18.83,-,14.45,-,-,-,EQ-INTL   ,"Aug 26, 2009",112.75
JP Morgan US Value Equity Off-shore Fund - Regular Plan,Unrated,5000,1 (365),1.85, Namdev Babu Chougule (2.0),-0.55,-,1.59,-,11.51,-,-,-,-,-,-,-,EQ-INTL   ,"Aug 07, 2013",155.54
Kotak 50 Regular Plan,* * * * ,5000,-,2.61, Harish Krishnan (1.6),5.78,32/148,5.17,19/145,26.15,6/143,22.83,12/75,12.42,15/64,17.24,5/35,EQ-LC     ,"Dec 29, 1998",1242.58
Kotak Banking ETF Fund Regular,Unrated,5000,-,0.2, Deepak Gupta (0.7),6.81,6/29,6.1,7/29,-,-,-,-,-,-,-,-,EQ-BANK   ,"Nov 28, 2014",569.07
Kotak Classic Equity Regular Plan,* * ,5000,-,3.1, Emmanuel Elango (6.9),5.05,89/135,2.93,99/135,18.87,98/125,21.53,47/66,11.1,43/61,-,-,EQ-LC&MC  ,"Jul 27, 2005",114.92
Kotak Emerging Equity Scheme Regular Plan,* * * ,5000,1 (365),2.67, Pankaj Tibrewal (5.2),6.73,58/114,5.14,49/114,44.13,10/112,34.25,24/52,17.39,25/48,-,-,EQ-M&SC   ,"Mar 30, 2007",703.41
Kotak Global Emerging Market Regular Plan,Unrated,5000,1 (365),2.01," Abhishek Bisen (4.3), Deepak Gupta (4.3)",-6.33,-,-3.51,-,-1.73,-,11.8,-,10.42,-,-,-,EQ-INTL   ,"Sep 26, 2007",38.09
Kotak Infrastructure and Economic Reform Fund - Standard Plan,* * * * ,5000,1 (365),2.61, Harish Krishnan (0.5),6.84,24/43,5.24,14/43,27.01,6/43,25.6,3/22,11.32,3/20,-,-,EQ-INFRA  ,"Feb 25, 2008",146.91
Kotak Mid-Cap Regular Plan,* * * ,5000,1 (365),2.88, Pankaj Tibrewal (5.5),7.23,44/114,6.79,26/114,37.9,38/112,29.89,37/52,16.61,31/48,16.35,17/20,EQ-M&SC   ,"Feb 24, 2005",352.27
Kotak Nifty ETF Fund,* * * ,5000,-,0.39, Deepak Gupta (4.4),4.84,69/148,2.56,89/145,12.26,113/143,19.03,44/75,10.76,31/64,-,-,EQ-LC     ,"Feb 08, 2010",99.39
Kotak Opportunities Regular Plan,* * * ,5000,1 (365),2.62, Harsha Upadhyaya (3.0),6.19,42/135,5.33,33/135,30.25,20/125,25.66,23/66,13.74,28/61,18.21,8/27,EQ-LC&MC  ,"Sep 09, 2004",672.7
Kotak PSU Bank ETF,* ,10000,-,0.49, Deepak Gupta (4.4),3.63,28/29,-8.37,28/29,-7.17,23/23,3.19,13/13,-1.34,10/10,-,-,EQ-BANK   ,"Nov 08, 2007",27.93
Kotak Select Focus Fund Regular Plan,* * * * ,5000,1 (365),2.24, Harsha Upadhyaya (3.0),6.67,20/135,5.52,29/135,31.61,17/125,28.49,3/66,15.87,8/61,-,-,EQ-LC&MC  ,"Sep 11, 2009",2921.88
Kotak Sensex ETF Fund,* * * ,10000,-,0.5, Deepak Gupta (4.4),4.29,116/148,2.71,78/145,12.06,120/143,19.62,36/75,10.91,30/64,-,-,EQ-LC     ,"Jun 06, 2008",9.04
Kotak Tax Saver Regular Plan,* * ,500,-,2.66, Deepak Gupta (1.9),6.4,17/75,5.15,29/75,35.78,4/73,23.08,27/37,12.54,22/36,-,-,EQ-TP     ,"Nov 23, 2005",501.49
Kotak US Equity Standard Fund,Unrated,5000,1 (365),1.31, Deepak Gupta (0.5),-0.99,-,3,-,12.26,-,-,-,-,-,-,-,EQ-INTL   ,"Dec 13, 2013",7.92
Kotak World Gold Fund - Standard Plan,Unrated,5000,1 (365),1.9, Deepak Gupta (0.5),-19.57,-,-15.77,-,-41.15,-,-19.5,-,-11.47,-,-,-,EQ-INTL   ,"Jun 06, 2008",39.93
L&T Business Cycles Fund - Non-Direct Plan,Unrated,5000,1 (540),2.7," Abhijeet Dakshikar (1.0), Venugopal Manghat (1.0)",6.93,22/61,5.86,24/61,-,-,-,-,-,-,-,-,EQ-MLC    ,"Aug 13, 2014",1272.06
L&T Equity Fund,* * * ,5000,1 (365),2.26," Soumendra Nath Lahiri (2.7), Abhijeet Dakshikar (2.1)",5.14,82/135,3.46,87/135,24.92,48/125,24.53,31/66,13.79,26/61,18.7,7/27,EQ-LC&MC  ,"May 16, 2005",2997.33
L&T Global Real Assets Fund,Unrated,5000,1 (365),1.92, Abhijeet Dakshikar (2.1),-4.44,-,-4.8,-,-8.1,-,8.63,-,11.64,-,-,-,EQ-INTL   ,"Feb 11, 2010",41.84
L&T India Large Cap Fund,* * * * * ,5000,-,2.76," Venugopal Manghat (2.7), Abhijeet Dakshikar (2.1)",6.85,11/148,6.35,8/145,24.94,11/143,23.74,6/75,13.29,6/64,-,-,EQ-LC     ,"Oct 23, 2007",381.86
L&T India Special Situations Fund,* * * * ,5000,1 (365),2.53," Soumendra Nath Lahiri (2.7), Abhijeet Dakshikar (2.1)",4.96,53/61,4.98,33/61,26.56,22/56,26.14,15/28,15.64,5/26,-,-,EQ-MLC    ,"May 22, 2006",970.4
L&T India Value Fund,* * * * * ,5000,-,3.03," Venugopal Manghat (2.7), Abhijeet Dakshikar (2.1)",7.27,14/61,5.83,25/61,33.52,6/56,34.46,2/28,18.13,2/26,-,-,EQ-MLC    ,"Jan 08, 2010",267.78
L&T Indo Asia Fund,* * * * * ,5000,1 (365),2.54," Venugopal Manghat (2.7), Abhijeet Dakshikar (2.1)",5.09,52/148,4.31,36/145,21.06,36/143,20.89,21/75,12.77,13/64,-,-,EQ-LC     ,"May 28, 2007",259.02
L&T Infrastructure Fund,* * * ,5000,-,2.84, Soumendra Nath Lahiri (2.7),6.61,28/43,5.83,10/43,22.34,17/43,24.47,5/22,8.36,7/20,-,-,EQ-INFRA  ,"Sep 27, 2007",215.39
L&T Midcap Fund,* * * * ,5000,1 (365),2.89, Soumendra Nath Lahiri (2.1),6.11,75/114,4.83,57/114,36.19,49/112,34.03,25/52,17.85,23/48,18.18,10/20,EQ-M&SC   ,"Aug 09, 2004",335.26
L&T Tax Advantage Fund,* * * ,500,-,2.44, Soumendra Nath Lahiri (2.7),6.4,18/75,5.82,17/75,24.43,45/73,23.98,23/37,13.49,17/36,-,-,EQ-TP     ,"Feb 27, 2006",1596.51
L&T Tax Saver Fund,* * ,500,-,2.97, Rajesh Pherwani (2.1),7.31,6/75,7.44,4/75,25.61,37/73,24.06,22/37,11.17,30/36,-,-,EQ-TP     ,"Nov 18, 2005",29.47
LIC Nomura MF Banking & Financial Services Fund - Regular Plan,Unrated,5000,2 (545),2.63, Ramnath Venkateswaran (0.4),3.99,27/29,0.8,27/29,-,-,-,-,-,-,-,-,EQ-BANK   ,"Mar 23, 2015",40.92
LIC Nomura MF Equity Fund,* * ,2000,1 (365),2.67, Ramnath Venkateswaran (0.4),3.11,140/148,0.06,143/145,12.3,112/143,19.27,40/75,9.54,55/64,11.13,34/35,EQ-LC     ,"Apr 15, 1993",347.34
LIC Nomura MF Growth Fund,* * * ,2000,1 (365),2.82, Sachin Relekar (0.4),5.48,44/148,6.27,9/145,24.73,14/143,22.46,13/75,11.51,24/64,12.18,31/35,EQ-LC     ,"Aug 31, 1994",103.79
LIC Nomura MF Index-Nifty Plan,* * ,2000,1 (30),1.75, Ramnath Venkateswaran (0.4),4.71,103/148,2.43,102/145,12.2,116/143,18.08,59/75,10.08,42/64,11.38,33/35,EQ-LC     ,"Nov 28, 2002",15.81
LIC Nomura MF Index-Sensex Advantage Plan,Unrated,2000,1 (30),1.77, Ramnath Venkateswaran (0.4),4.68,106/148,2.52,92/145,15.04,66/143,19.94,32/75,10.67,32/64,11.39,32/35,EQ-LC     ,"Nov 28, 2002",3.93
LIC Nomura MF Index-Sensex Plan,* * * ,2000,1 (30),1.75, Ramnath Venkateswaran (0.4),4.14,126/148,2.37,109/145,10.68,133/143,18.27,57/75,9.89,46/64,12.29,30/35,EQ-LC     ,"Nov 28, 2002",11.01
LIC Nomura MF Infrastructure Fund,* * * ,2000,1 (365),2.83, Sachin Relekar (2.4),7.93,16/43,4.67,22/43,15.29,32/43,19.99,9/22,6.2,10/20,-,-,EQ-INFRA  ,"Feb 29, 2008",62.56
LIC Nomura MF Midcap Fund - Regular Plan,Unrated,5000,2 (545),2.1, Sachin Relekar (0.5),6.24,72/114,4.97,53/114,-,-,-,-,-,-,-,-,EQ-M&SC   ,"Feb 16, 2015",75.34
LIC Nomura MF Tax Plan,* * * ,500,-,2.84, Sachin Relekar (0.4),4.17,69/75,2.8,54/75,27.48,29/73,24.62,18/37,12.67,21/36,11.1,18/19,EQ-TP     ,"Mar 31, 1997",49.49
Mirae Asset China Advantage Fund,Unrated,5000,2 (182),2.41, Bharti Sawant (1.0),-5.38,-,-6.84,-,14.6,-,14.86,-,10.21,-,-,-,EQ-INTL   ,"Nov 05, 2009",19.55
Mirae Asset Emerging Bluechip Fund - Regular Plan,* * * * * ,5000,2 (182),2.5, Neelesh Surana (5.2),7.09,52/114,7.42,14/114,42.52,20/112,39.46,5/52,25.11,1/48,-,-,EQ-M&SC   ,"Jul 09, 2010",779.82
Mirae Asset Global Commodity Stocks Fund,Unrated,5000,2 (182),2.82," Gopal Agrawal (7.1), Bharti Sawant (1.0)",-7.29,-,-9.76,-,-22.83,-,-3.51,-,-1.1,-,-,-,EQ-INTL   ,"Aug 20, 2008",8.98
Mirae Asset India Opportunities Fund - Regular Plan,* * * * * ,5000,2 (182),2.4," Neelesh Surana (7.2), Sumit Agrawal (1.0)",6.08,48/135,5.35,32/135,25.51,45/125,28.23,7/66,17.12,3/61,-,-,EQ-LC&MC  ,"Apr 04, 2008",1178.94
Mirae Asset India-China Consumption Fund - Regular Plan,* * * * ,5000,2 (182),2.77," Neelesh Surana (4.4), Bharti Sawant (1.0), Sumit Agrawal (1.0)",2.67,61/61,1.39,61/61,26.22,25/56,26.15,14/28,-,-,-,-,EQ-MLC    ,"Mar 29, 2011",37.25
Motilal Oswal MOSt Focused 25 Fund - Regular Plan,Unrated,5000,-,2.83," Taher Badshah (2.2), Abhiroop Mukherjee (0.2), Siddharth Bothra (0.2)",6.42,27/135,6.61,14/135,32.82,9/125,-,-,-,-,-,-,EQ-LC&MC  ,"May 13, 2013",410.19
Motilal Oswal MOSt Focused Long Term Fund - Regular Plan,Unrated,500,-,2.83," Abhiroop Mukherjee (0.6), Gautam Sinha Roy (0.6)",7.09,9/75,10.87,2/75,-,-,-,-,-,-,-,-,EQ-TP     ,"Jan 15, 2015",52.04
Motilal Oswal MOSt Focused Midcap 30 Fund - Regular Plan,Unrated,5000,-,2.63," Abhiroop Mukherjee (1.5), Taher Badshah (1.5), Siddharth Bothra (0.2)",6.27,70/114,10.04,3/114,48.65,6/112,-,-,-,-,-,-,EQ-M&SC   ,"Feb 24, 2014",596.52
Motilal Oswal MOSt Focused Multicap 35 Fund - Regular Plan,Unrated,5000,-,2.35," Abhiroop Mukherjee (1.3), Anubhav Srivastava (1.3), Gautam Sinha Roy (1.2), Taher Badshah (0.2)",6.62,22/135,11.34,2/135,54.34,2/125,-,-,-,-,-,-,EQ-LC&MC  ,"Apr 28, 2014",1838.48
Motilal Oswal MOSt Shares M100 ETF Fund,* ,10000,-,1, Anubhav Srivastava (1.5),7.22,45/114,6.36,31/114,25.22,93/112,24,47/52,-,-,-,-,EQ-M&SC   ,"Jan 31, 2011",89.25
Motilal Oswal MOSt Shares M50 ETF Fund,* ,10000,-,1.31, Anubhav Srivastava (1.5),4.76,93/148,2.35,112/145,4.44,142/143,17.38,70/75,-,-,-,-,EQ-LC     ,"Jul 28, 2010",25.67
Motilal Oswal MOSt Shares NASDAQ - 100 ETF Fund,Unrated,10000,-,0.99, Anubhav Srivastava (1.5),2.32,-,8.91,-,26.58,-,26.36,-,-,-,-,-,EQ-INTL   ,"Mar 29, 2011",69.88
Peerless Equity Fund,* * * * ,1000,-,3.13, Amit Nigam (0.7),7.37,9/148,7.24,3/145,21.16,34/143,20.36,29/75,-,-,-,-,EQ-LC     ,"Sep 28, 2011",59.99
PPFAS Long Term Value Fund - Regular Plan,Unrated,1000,2 (365),2.73," Rajeev Thakkar (2.2), Raunak Onkar (2.2), Ruchak Mehta (0.6)",5.03,101/114,5.29,46/114,17.99,106/112,-,-,-,-,-,-,EQ-M&SC   ,"May 28, 2013",592.61
Pramerica Diversified Equity Fund - Regular Plan,Unrated,5000,1 (365),3.12," Brahmaprakash Singh (0.4), Ritesh Jain (0.4)",6.52,28/61,7.06,10/61,-,-,-,-,-,-,-,-,EQ-MLC    ,"Feb 25, 2015",68.38
Pramerica Large Cap Equity Fund,* * ,5000,-,3.03," Brahmaprakash Singh (2.9), Ritesh Jain (1.0)",5.79,31/148,4,46/145,19.21,41/143,17.93,64/75,-,-,-,-,EQ-LC     ,"Dec 06, 2010",57.37
Pramerica Midcap Opportunities Fund - Regular Plan,Unrated,5000,1 (365),3.05," Brahmaprakash Singh (1.7), Ritesh Jain (1.0)",8.47,20/114,5.4,44/114,30.26,75/112,-,-,-,-,-,-,EQ-M&SC   ,"Dec 02, 2013",157.42
Principal Dividend Yield Fund,* * ,5000,-,2.65, Dhimant Shah (3.6),5.09,50/61,3.8,43/61,13.29,55/56,17.58,28/28,10.1,22/26,11.1,15/15,EQ-MLC    ,"Oct 15, 2004",116.25
Principal Emerging Bluechip Fund,* * * ,5000,1 (365),2.48, Dhimant Shah (4.1),6.73,59/114,5.23,48/114,39.52,32/112,37.32,10/52,18.27,22/48,-,-,EQ-M&SC   ,"Nov 12, 2008",490.87
Principal Global Opportunities Fund,Unrated,10000,1 (365),0, Rajat Jain (11.3),-2.02,-,-4.38,-,-2.05,-,4.88,-,7.49,-,7.69,-,EQ-INTL   ,"Mar 29, 2004",19.04
Principal Growth Fund,* * * ,5000,-,2.52, P V K Mohan (4.8),5.93,37/61,4.62,38/61,18.26,44/56,27.17,6/28,13.45,10/26,12.57,14/15,EQ-MLC    ,"Oct 25, 2000",375.66
Principal Index Fund - Midcap - Regular Plan,Unrated,5000,1 (90),0.01, Rupali Pandit (1.2),7.16,49/114,6.36,32/114,24.75,94/112,-,-,-,-,-,-,EQ-M&SC   ,"May 12, 2014",12.67
Principal Index Fund - Nifty,* * ,5000,-,0.01, Rupali Pandit (2.7),4.74,97/148,2.27,120/145,12.62,106/143,18.32,55/75,10.05,43/64,13.59,24/35,EQ-LC     ,"Jul 27, 1999",25.23
Principal Large Cap Fund,* * * ,5000,1 (365),2.53, Anupam Tiwari (3.9),5.25,49/148,3.59,57/145,15.79,56/143,21.64,17/75,11.71,21/64,-,-,EQ-LC     ,"Nov 11, 2005",308.29
Principal Personal Tax Saver Fund,* * ,500,-,2.51, Anupam Tiwari (3.9),5.3,59/75,3.65,49/75,16,66/73,21.9,32/37,10.57,34/36,14.15,13/19,EQ-TP     ,"Mar 31, 1996",346.93
Principal Tax Savings Fund,* * * ,500,-,2.54, P V K Mohan (4.8),5.93,35/75,4.6,37/75,18.12,64/73,27.35,11/37,13.9,15/36,14.61,12/19,EQ-TP     ,"Mar 31, 1996",265.14
Quantum Equity FoF Fund,Unrated,500,1.5 (365),0.5, Chirag Mehta (1.7),5.83,60/135,4.45,64/135,22.25,78/125,24.89,29/66,13.87,25/61,-,-,EQ-LC&MC  ,"Jul 20, 2009",5.41
Quantum Index Fund,Unrated,5000,-,0.5, Hitendra Parekh (7.1),4.82,77/148,2.48,98/145,13.37,76/143,19.4,37/75,10.95,29/64,-,-,EQ-LC     ,"Jul 10, 2008",3.46
Quantum Long Term Equity Fund,* * * ,500,4 (180),1.25," Atul Kumar (8.7), Nilesh Shetty (4.3)",2.66,126/135,3.01,96/135,13.11,111/125,21.01,49/66,13.61,30/61,-,-,EQ-LC&MC  ,"Mar 13, 2006",433.68
Quantum Tax Saving Fund,* * * ,500,-,1.25, Atul Kumar (6.6),2.67,73/75,3.02,51/75,13.59,67/73,20.94,34/37,13.34,18/36,-,-,EQ-TP     ,"Dec 23, 2008",34.65
R*Shares Banking ETF,* * * * ,5000,-,0.22, Krishan Daga (7.2),6.78,9/29,6.1,8/29,24.64,7/23,23.27,3/13,14.99,2/10,-,-,EQ-BANK   ,"Jun 19, 2008",326.37
R*Shares CNX 100 ETF,Unrated,5000,-,1.32, Krishan Daga (2.4),5.07,55/148,2.98,70/145,15.05,65/143,-,-,-,-,-,-,EQ-LC     ,"Mar 22, 2013",6.75
R*Shares Consumption ETF,Unrated,5000,-,0.05, Krishan Daga (1.4),5.72,34/148,6.72,4/145,25.47,9/143,-,-,-,-,-,-,EQ-LC     ,"Mar 28, 2014",14.53
R*Shares Dividend Opportunities ETF,Unrated,5000,-,0.05, Krishan Daga (1.3),4.11,119/135,0.76,124/135,4,125/125,-,-,-,-,-,-,EQ-LC&MC  ,"Apr 07, 2014",13.04
R*Shares Nifty ETF,Unrated,5000,-,0.21, Krishan Daga (1.7),4.83,73/148,2.56,88/145,13.7,73/143,-,-,-,-,-,-,EQ-LC     ,"Nov 22, 2013",15.12
R*Shares NV20 ETF,Unrated,5000,-,-, Krishan Daga (0.1),2.77,143/148,-,-,-,-,-,-,-,-,-,-,EQ-LC     ,"Jun 12, 2015",25.89
R*Shares Sensex ETF,Unrated,5000,-,0.19, Krishan Daga (0.8),4.31,115/148,2.76,76/145,-,-,-,-,-,-,-,-,EQ-LC     ,"Sep 19, 2014",55.33
Reliance Banking Fund,* * * * ,5000,1 (365),2.34," Shrey Loonker (4.9), Sanjay Parekh (3.3)",6.12,16/29,6.05,10/29,23.52,12/23,23.75,2/13,14.71,3/10,20.43,1/3,EQ-BANK   ,"May 26, 2003",2223.35
Reliance Diversified Power Sector Fund,Unrated,5000,1 (365),2.27, Sunil B Singhania (11.1),11.15,-,5.53,-,5.03,-,14.05,-,-0.8,-,15.96,-,EQ-OTH    ,"May 08, 2004",1893.72
Reliance Equity Opportunities Fund,* * * ,5000,1 (365),2.22," Sailesh Raj Bhan (10.4), Viral Berawala (4.9)",5.05,100/114,3.6,82/114,25.31,91/112,26.58,42/52,17.34,27/48,20.93,3/20,EQ-M&SC   ,"Mar 28, 2005",11319.48
Reliance Focused Large Cap Fund,* * ,5000,1 (365),2.4, Omprakash Kuckian (5.9),7.45,4/135,6.3,16/135,22.74,68/125,25.41,28/66,10.63,46/61,-,-,EQ-LC&MC  ,"Mar 28, 2006",1092.54
Reliance Growth Fund,* * * ,5000,1 (365),2.23, Sunil B Singhania (11.6),8.13,8/61,7.11,9/61,28.07,15/56,26.17,13/28,12.53,16/26,18.93,2/15,EQ-MLC    ,"Oct 08, 1995",5492.99
Reliance Index Fund - Nifty Plan,* * * ,5000,-,0.94, Krishan Daga (4.9),4.74,98/148,2.28,119/145,12.74,104/143,18.71,49/75,-,-,-,-,EQ-LC     ,"Sep 28, 2010",54.98
Reliance Index Fund - Sensex Plan,Unrated,5000,-,0.88, Krishan Daga (4.9),4.19,124/148,2.52,91/145,11.07,131/143,18.46,53/75,-,-,-,-,EQ-LC     ,"Sep 28, 2010",5.18
Reliance Japan Equity Fund,Unrated,5000,1 (365),2.06," Anju Chajjer (1.0), Jahnvee Shah (1.0)",1.14,-,2.66,-,-,-,-,-,-,-,-,-,EQ-INTL   ,"Aug 20, 2014",28.29
Reliance Media & Entertainment Fund,Unrated,5000,1 (365),2.91, Sailesh Raj Bhan (10.3),12.73,-,8.13,-,13.95,-,24.1,-,13.77,-,13.86,-,EQ-OTH    ,"Sep 30, 2004",86.04
Reliance Mid & Small Cap Fund,* * * ,5000,-,2.38," Sunil B Singhania (8.7), Samir Rachh (4.9)",7.86,34/114,3.15,89/114,31.61,69/112,32.4,29/52,17,29/48,-,-,EQ-M&SC   ,"Dec 26, 2006",2273.5
Reliance NRI Equity Fund,* * * ,5000,1 (365),2.93, Omprakash Kuckian (7.5),5.74,63/135,5.64,25/135,21.87,82/125,24.15,36/66,13.28,33/61,17.98,9/27,EQ-LC&MC  ,"Nov 15, 2004",91.96
Reliance Pharma Fund,Unrated,5000,1 (365),2.46, Sailesh Raj Bhan (10.4),9.22,6/6,5.95,4/6,46.98,5/6,33.56,2/3,21.74,3/3,25.46,1/3,EQ-PH     ,"Jun 05, 2004",1243.63
Reliance Quant Plus Fund - Retail Plan,* * ,5000,-,2.92, Krishan Daga (7.2),3.54,138/148,1.06,135/145,9.74,138/143,17.41,69/75,10.49,37/64,-,-,EQ-LC     ,"Apr 18, 2008",1378.51
Reliance Regular Savings Fund - Equity Option,* * * ,500,-,2.28, Omprakash Kuckian (7.7),8.24,5/61,6.68,17/61,27.04,20/56,26.18,12/28,13.18,12/26,18.75,3/15,EQ-MLC    ,"Jun 08, 2005",2660.75
Reliance Retirement Fund - Wealth Creation Scheme,Unrated,5000,1 (60),2.99," Anju Chajjer (0.5), Jahnvee Shah (0.5), Sanjay Parekh (0.5)",6.35,30/135,5.57,27/135,-,-,-,-,-,-,-,-,EQ-LC&MC  ,"Feb 05, 2015",176.11
Reliance Small Cap Fund,* * * * ,5000,-,2.49, Sunil B Singhania (4.9),9.81,8/114,5.52,40/114,33.71,62/112,39.46,6/52,-,-,-,-,EQ-M&SC   ,"Sep 16, 2010",1604.1
Reliance Tax Saver Fund,* * * * ,500,-,2.45, Ashwani Kumar (9.9),6.02,29/75,1.37,69/75,24.65,44/73,31.17,2/37,18.52,2/36,-,-,EQ-TP     ,"Sep 21, 2005",4392.95
Reliance Top 200 Fund - Retail Plan,* * * ,5000,1 (365),2.53," Ashwani Kumar (8.1), Sailesh Raj Bhan (8.1)",6.19,43/135,4.62,59/135,25.8,42/125,25.91,22/66,15.07,11/61,-,-,EQ-LC&MC  ,"Aug 08, 2007",1385.79
Reliance US Equity Opportunities Fund,Unrated,5000,1 (365),-," Anju Chajjer (0.0), Jahnvee Shah (0.0)",-,-,-,-,-,-,-,-,-,-,-,-,EQ-INTL   ,"Jul 17, 2015",-
Reliance Vision Fund,* * ,5000,-,2.28, Ashwani Kumar (11.6),5.87,39/61,3.21,48/61,22.79,33/56,22.53,20/28,11.09,20/26,16.33,7/15,EQ-MLC    ,"Oct 08, 1995",3514.32
Religare Invesco AGILE Fund,* ,5000,1 (365),2.81, Pranav Gokhale (4.3),9.21,2/148,6.15,10/145,11.31,128/143,14.53,73/75,10.58,33/64,-,-,EQ-LC     ,"Dec 19, 2007",26.94
Religare Invesco Banking Fund,* * * ,5000,1 (365),2.98, Amit Ganatra (4.7),6.11,17/29,7.24,4/29,27.62,4/23,22.94,4/13,14.34,4/10,-,-,EQ-BANK   ,"Jul 14, 2008",85.74
Religare Invesco Business Leaders Fund,* * * * ,5000,1 (365),3.02," Vetri Subramaniam (6.0), Vinay Paharia (1.1)",5.67,37/148,4.46,32/145,26.83,5/143,23.99,5/75,12.74,14/64,-,-,EQ-LC     ,"Aug 21, 2009",55.32
Religare Invesco Contra Fund,* * ,5000,1 (365),2.92," Vetri Subramaniam (6.6), Amit Ganatra (2.9)",5.58,86/114,4.55,64/114,28.53,81/112,29.22,38/52,14.93,37/48,-,-,EQ-M&SC   ,"Apr 11, 2007",195.91
Religare Invesco Dynamic Equity Fund,* * * ,5000,1 (365),2.91, Vetri Subramaniam (6.6),6.39,28/135,5.5,30/135,23.48,60/125,24.41,32/66,13.13,36/61,-,-,EQ-LC&MC  ,"Oct 04, 2007",56.11
Religare Invesco Global Equity Income Fund - Regular Plan,Unrated,5000,1 (365),2.03, Neelesh Dhamnaskar (1.3),1.12,-,3.57,-,7.8,-,-,-,-,-,-,-,EQ-INTL   ,"Apr 28, 2014",19.04
Religare Invesco Growth Fund,* * * * ,5000,1 (365),2.78," Vetri Subramaniam (4.7), Amit Ganatra (1.1)",5.43,71/135,5.16,36/135,29.95,22/125,26.42,17/66,14.98,14/61,-,-,EQ-LC&MC  ,"Aug 09, 2007",127.14
Religare Invesco Infrastructure Fund,* * * * * ,5000,1 (365),3.05, Pranav Gokhale (2.9),4.96,43/43,-1.3,42/43,25.33,10/43,27.98,2/22,10.93,4/20,-,-,EQ-INFRA  ,"Nov 21, 2007",46.95
Religare Invesco Mid Cap Fund,* * * * ,5000,1 (365),3.06, Vinay Paharia (6.6),3.94,108/114,3.34,87/114,34.71,56/112,35.04,19/52,20.82,12/48,-,-,EQ-M&SC   ,"Apr 19, 2007",114.08
Religare Invesco Mid N Small Cap Fund,* * * * ,5000,1 (365),2.74, Vinay Paharia (7.2),4.1,107/114,3.13,91/114,33.88,61/112,36.18,14/52,21.72,7/48,-,-,EQ-M&SC   ,"Mar 17, 2008",438.99
Religare Invesco Nifty Exchange Traded Fund,Unrated,5000,-,1, Pranav Gokhale (4.2),4.78,84/148,2.39,105/145,12.85,99/143,18.89,47/75,-,-,-,-,EQ-LC     ,"Jun 06, 2011",1.52
Religare Invesco Pan European Equity Fund - Regular Plan,Unrated,5000,1 (365),1.41, Neelesh Dhamnaskar (1.5),0.7,-,4.11,-,5.1,-,-,-,-,-,-,-,EQ-INTL   ,"Jan 31, 2014",84.08
Religare Invesco PSU Equity Fund,Unrated,5000,1 (365),2.77," Amit Ganatra (4.7), Vetri Subramaniam (4.7)",7.82,-,6.17,-,20.83,-,14.93,-,5.93,-,-,-,EQ-OTH    ,"Nov 18, 2009",145.45
Religare Invesco Tax Plan,* * * * ,500,-,2.87," Vetri Subramaniam (6.6), Vinay Paharia (5.1)",5.45,55/75,5.45,20/75,31.54,18/73,29.36,7/37,16.8,5/36,-,-,EQ-TP     ,"Dec 29, 2006",248.43
Sahara Banking and Financial Services Fund,* * * ,5000,1 (365),2.81, A N Sridhar (7.0),5,25/29,4.88,18/29,17.82,19/23,18.88,9/13,10.59,7/10,-,-,EQ-BANK   ,"Sep 16, 2008",11.28
Sahara Growth Fund,* ,3000,1 (365),2.63, A N Sridhar (8.5),4.85,95/135,2.89,102/135,4.03,124/125,16.57,63/66,9.24,58/61,16.26,22/27,EQ-LC&MC  ,"Aug 30, 2002",7.59
Sahara Infrastructure Fund - Fixed Pricing Option,* ,1000,1 (365),2.27, A N Sridhar (8.5),9.16,10/43,7.91,5/43,8.87,39/43,14.76,20/22,3.27,17/20,-,-,EQ-INFRA  ,"Apr 03, 2006",5.11
Sahara Infrastructure Fund - Variable Pricing Option,* * ,1000,1 (365),2.27, A N Sridhar (8.5),9.35,6/43,8.44,2/43,10.25,37/43,15.98,18/22,4.28,14/20,-,-,EQ-INFRA  ,"Apr 03, 2006",5.11
Sahara Midcap Fund,* ,1000,1 (365),2.84, A N Sridhar (8.5),7.76,37/114,2.39,101/114,16.32,108/112,24.73,46/52,12.62,43/48,16.69,16/20,EQ-M&SC   ,"Dec 31, 2004",9.78
Sahara Power & Natural Resources Fund,Unrated,5000,1 (365),2.82, A N Sridhar (7.2),7.49,-,5.79,-,0.83,-,12.28,-,3.14,-,-,-,EQ-OTH    ,"Jun 17, 2008",2.47
Sahara R.E.A.L Fund,Unrated,5000,-,2.84, A N Sridhar (7.8),7.7,-,2.99,-,23.38,-,25.88,-,12.36,-,-,-,EQ-OTH    ,"Nov 27, 2007",4.06
Sahara Star Value Fund,Unrated,5000,1 (365),2.52, A N Sridhar (6.0),7.56,39/114,1.36,108/114,0.22,111/112,16.21,52/52,7.26,48/48,-,-,EQ-M&SC   ,"Sep 14, 2009",1.67
Sahara Super 20 Fund,Unrated,5000,1 (365),2.82, A N Sridhar (6.1),6.61,18/148,5.5,17/145,8.61,141/143,15.25,72/75,8.96,59/64,-,-,EQ-LC     ,"Jul 31, 2009",0.66
Sahara Tax Gain Fund,* ,500,-,2.83, A N Sridhar (8.5),6.16,23/75,6.15,13/75,8.73,73/73,19.47,36/37,11.92,28/36,17.18,5/19,EQ-TP     ,"Apr 01, 1997",10.47
Sahara Wealth Plus Fund - Fixed Pricing Option,* * * * ,1000,1 (365),2, A N Sridhar (8.5),6.3,32/61,5.3,30/61,22.06,35/56,25.05,16/28,13.9,9/26,-,-,EQ-MLC    ,"Sep 01, 2005",11.08
Sahara Wealth Plus Fund - Variable Pricing Option,* * * * ,1000,1 (365),2, A N Sridhar (8.5),6.49,30/61,5.83,26/61,23.64,30/56,26.4,9/28,15.02,6/26,-,-,EQ-MLC    ,"Sep 01, 2005",11.08
SBI Banking & Financial Services Fund - Regular Plan,Unrated,5000,-,3.04, Sohini Andani (0.4),6.08,18/29,5.39,16/29,-,-,-,-,-,-,-,-,EQ-BANK   ,"Feb 24, 2015",268.94
SBI Bluechip Fund,* * * * ,5000,1 (365),2.39, Sohini Andani (4.8),5.64,66/135,4.64,56/135,28.41,27/125,28.26,5/66,15.35,9/61,-,-,EQ-LC&MC  ,"Feb 14, 2006",2349.34
SBI Contra Fund,* * ,5000,1 (365),2.35, R. Srinivasan (4.1),5.84,59/135,1.28,120/135,22.15,79/125,20.72,51/66,9.42,57/61,16.66,18/27,EQ-LC&MC  ,"Jul 14, 1999",1969.64
SBI Emerging Businesses Fund,* * * ,5000,1 (365),2.4, R. Srinivasan (6.2),5.61,84/114,0.77,112/114,22.19,102/112,23.98,48/52,19.4,18/48,17.03,15/20,EQ-M&SC   ,"Oct 11, 2004",1592.8
SBI ETF Banking Fund,Unrated,5000,-,0.3, Raviprakash Sharma (0.4),6.77,10/29,6.07,9/29,-,-,-,-,-,-,-,-,EQ-BANK   ,"Mar 16, 2015",10.76
SBI ETF BSE 100 Fund,Unrated,5000,-,0.3, Raviprakash Sharma (0.4),5.02,59/148,2.29,118/145,-,-,-,-,-,-,-,-,EQ-LC     ,"Mar 16, 2015",1.62
SBI ETF Nifty Junior Fund,Unrated,5000,-,0.3, Raviprakash Sharma (0.4),7.16,15/61,7.25,4/61,-,-,-,-,-,-,-,-,EQ-MLC    ,"Mar 16, 2015",11.01
SBI FMCG Fund,Unrated,5000,-,2.9, Saurabh Pant (4.1),6.54,2/4,1.65,2/4,20.96,4/4,21.64,1/2,22.74,1/2,20.2,2/2,EQ-CG     ,"Jul 14, 1999",239.37
SBI Infrastructure Fund,* ,5000,1 (365),2.63, Richard D'souza (1.0),6.89,22/43,-0.18,37/43,17.78,27/43,16.55,16/22,3.05,18/20,-,-,EQ-INFRA  ,"Jul 06, 2007",540.12
SBI IT Fund,Unrated,5000,-,3.1, Anup Upadhyay (4.1),0.99,8/10,-3.54,10/10,19.99,2/10,29.24,2/5,16.4,2/5,15.15,3/5,EQ-IT     ,"Jul 14, 1999",93.47
SBI Magnum COMMA Fund,Unrated,5000,1 (365),2.84, Richard D'souza (1.0),3.77,-,-0.09,-,0.35,-,8.5,-,1.53,-,-,-,EQ-OTH    ,"Aug 08, 2005",216.56
SBI Magnum Equity Fund,* * * * ,5000,-,2.42, R. Srinivasan (6.2),5.46,45/148,3.8,52/145,22.45,28/143,21.93,15/75,13.11,9/64,18.36,3/35,EQ-LC     ,"Jan 01, 1991",1240.45
SBI Magnum Global Fund,* * * * ,5000,-,2.4, R. Srinivasan (6.2),6.19,73/114,3.09,92/114,37.02,45/112,34.58,22/52,20.3,14/48,20.84,4/20,EQ-M&SC   ,"Sep 30, 1994",2062.62
SBI Magnum Midcap Fund,* * * * * ,5000,1 (365),2.54, Sohini Andani (5.1),6.6,61/114,8.09,6/114,45.5,9/112,41.61,3/52,22.05,6/48,18.17,11/20,EQ-M&SC   ,"Mar 29, 2005",1022.11
SBI Magnum Multicap Fund,* * * ,1000,-,2.73, Richard D'souza (3.6),5.87,58/135,3.84,82/135,32.09,14/125,27.76,9/66,13.33,32/61,-,-,EQ-LC&MC  ,"Sep 29, 2005",501.55
SBI Magnum Multiplier Fund,* * * * ,5000,-,2.47, Jayesh Shroff (9.0),6.23,40/135,7.03,10/135,31.85,15/125,28.5,2/66,14.87,15/61,19.91,4/27,EQ-LC&MC  ,"Feb 28, 1993",1517.68
SBI Magnum Taxgain Scheme,* * * ,500,-,2.21, Jayesh Shroff (7.8),5.56,51/75,6.36,12/75,25.38,39/73,26.36,14/37,14.64,11/36,17.53,3/19,EQ-TP     ,"Mar 31, 1993",4943.47
SBI Nifty Index Fund,* * ,5000,1 (7),1.62, Raviprakash Sharma (4.4),4.77,89/148,2.07,124/145,11.75,124/143,17.77,67/75,9.72,49/64,13.47,26/35,EQ-LC     ,"Feb 04, 2002",277.34
SBI Pharma Fund,Unrated,5000,-,2.68, Tanmaya Desai (4.1),9.88,2/6,7.04,2/6,60.54,2/6,42.74,1/3,29.36,1/3,19.65,2/3,EQ-PH     ,"Jul 14, 1999",579.81
SBI PSU Fund,Unrated,5000,1 (365),2.89, Richard D'souza (1.0),5.11,-,1.98,-,0.72,-,6.79,-,-0.44,-,-,-,EQ-OTH    ,"Jul 07, 2010",221.85
SBI Sensex ETF,Unrated,5000,-,0.38, Raviprakash Sharma (2.4),4.28,118/148,2.71,80/145,13.3,81/143,-,-,-,-,-,-,EQ-LC     ,"Mar 08, 2013",4.15
SBI Small & Midcap Fund,Unrated,5000,1 (365),2.61, R. Srinivasan (1.7),9.52,10/114,7.48,13/114,58.77,2/112,44.28,1/52,24.38,2/48,-,-,EQ-M&SC   ,"Sep 09, 2009",406.79
Sundaram Entertainment Opportunities Fund - Regular Plan,Unrated,100000,1 (365),2.97," Shiv Chanani (1.8), Avinash Agarwal (0.3)",11.78,-,10.71,-,19.74,-,23.49,-,5.71,-,-,-,EQ-OTH    ,"Jun 16, 2008",26.24
Sundaram Equity Multiplier Fund,* * ,5000,-,2.88, Shiv Chanani (2.5),5.72,80/114,3.83,73/114,25.25,92/112,21.36,50/52,11.22,45/48,-,-,EQ-M&SC   ,"Feb 27, 2007",132.42
Sundaram Equity Plus Fund,Unrated,5000,1 (365),2.07, Shiv Chanani (2.5),2.27,-,0.61,-,6.23,-,9.06,-,-,-,-,-,EQ-OTH    ,"May 18, 2011",57.71
Sundaram Financial Services Opportunities Fund - Regular Plan,* * ,100000,2 (540),2.94, Shiv Chanani (0.3),5.71,21/29,4.47,22/29,23.4,13/23,19.01,7/13,10.1,8/10,-,-,EQ-BANK   ,"Jun 10, 2008",137.37
Sundaram Global Advantage Fund,Unrated,5000,-,1.4, S Bharath (5.7),-4.09,-,-7.1,-,-11.44,-,3.94,-,6.29,-,-,-,EQ-INTL   ,"Aug 24, 2007",26.63
Sundaram Growth Fund - Regular Plan,* ,5000,2 (540),2.57, Shiv Chanani (0.3),4.81,97/135,-2.46,134/135,5.73,122/125,14.46,66/66,6.95,60/61,12.76,26/27,EQ-LC&MC  ,"Apr 24, 1997",255.58
Sundaram Infrastructure Advantage Fund - Regular Plan,Unrated,100000,-,2.85, S Bharath (2.5),9.59,3/43,6.33,7/43,24.33,13/43,16.03,17/22,1.05,19/20,-,-,EQ-INFRA  ,"Sep 29, 2005",704.38
Sundaram PSU Opportunities Fund,Unrated,100000,1 (365),2.87," Shiv Chanani (1.8), Avinash Agarwal (0.3)",5.14,-,2.27,-,8.64,-,8.84,-,3,-,-,-,EQ-OTH    ,"Jan 11, 2010",114.03
Sundaram Rural India Fund - Regular Plan,Unrated,5000,-,2.89, S Bharath (2.5),7.73,-,7.23,-,28.3,-,23.86,-,13.28,-,-,-,EQ-OTH    ,"May 12, 2006",123.75
Sundaram S.M.I.L.E. Fund - Regular Plan,* * ,5000,1 (365),2.63, S Krishna Kumar (9.5),9.36,13/114,2.34,102/114,43.17,15/112,35.06,18/52,16.71,30/48,19.48,6/20,EQ-M&SC   ,"Feb 15, 2005",1109.73
Sundaram Select Focus Fund - Regular Plan,* ,5000,-,2.75, Shiv Chanani (0.3),4.85,66/148,3.55,58/145,12.62,107/143,18.28,56/75,8.54,63/64,15.6,12/35,EQ-LC     ,"Jul 30, 2002",390.07
Sundaram Select Midcap Fund - Regular Plan,* * * ,5000,1 (365),2.29, S Krishna Kumar (2.7),8.33,25/114,6.96,21/114,36.92,46/112,34.31,23/52,19.38,19/48,22.88,1/20,EQ-M&SC   ,"Jul 30, 2002",3056.17
Sundaram Taxsaver,* * ,500,-,2.45," Madanagopal Ramu (0.3), S Krishna Kumar (0.3)",7.31,5/75,6.73,9/75,26.67,33/73,22.71,29/37,12.38,25/36,17.35,4/19,EQ-TP     ,"Nov 22, 1999",1180.35
Tata Dividend Yield Fund - Plan A,* * * ,5000,1 (365),2.75, Rupesh Patel (2.1),5.19,47/61,2.73,53/61,24.27,28/56,21.41,21/28,13.99,8/26,16.8,6/15,EQ-MLC    ,"Nov 22, 2004",310.16
Tata Equity Opportunities Fund - Plan A,* * * ,5000,1 (365),2.6," Pradeep Gokhale (2.1), Rupesh Patel (2.1)",6.95,13/135,4.77,50/135,28.12,29/125,25.62,24/66,13.89,24/61,16.64,19/27,EQ-LC&MC  ,"Mar 29, 2003",1056.44
Tata Equity PE Fund - Plan A,* * ,5000,1 (365),2.83, Atul Bhole (2.1),5.19,95/114,1.88,105/114,23,101/112,27.2,40/52,14.43,39/48,18.93,8/20,EQ-M&SC   ,"Jun 29, 2004",631.75
Tata Ethical Fund - Plan A,* * * * * ,5000,1 (365),2.97, Pradeep Gokhale (3.6),5.57,43/61,4.65,37/61,30.21,12/56,28.52,4/28,16.42,4/26,18,4/15,EQ-MLC    ,"Apr 15, 2001",322.62
Tata Index Nifty Fund - Plan A,* * ,5000,-,1.77, Pradeep Gokhale (3.5),4.76,91/148,2.33,114/145,12.02,121/143,17.91,65/75,9.81,47/64,14.57,18/35,EQ-LC     ,"Feb 25, 2003",10.57
Tata Index Sensex Fund - Plan A,* * ,5000,-,1.77, Pradeep Gokhale (3.5),4.21,122/148,2.46,101/145,10.68,134/143,18.01,63/75,9.58,52/64,13.58,25/35,EQ-LC     ,"Feb 25, 2003",6.53
Tata Infrastructure Fund - Plan A,* * * ,5000,1 (365),2.54, Rupesh Patel (1.6),8.05,15/43,4.56,23/43,25.12,11/43,18.31,13/22,5.72,12/20,14.32,2/3,EQ-INFRA  ,"Dec 31, 2004",717.26
Tata Midcap Growth Plan A Fund,* * * ,5000,-,3.01, Atul Bhole (3.3),7.03,53/114,4.58,63/114,42.13,21/112,35.88,15/52,19.1,20/48,17.19,13/20,EQ-M&SC   ,"Jul 01, 1994",484.56
Tata Pure Equity Fund - Plan A,* * * * ,5000,-,2.63, Pradeep Gokhale (3.5),6.2,25/148,5.71,14/145,21.82,32/143,21.36,20/75,12.2,17/64,17.21,6/35,EQ-LC     ,"May 07, 1998",833.59
Tata Retirement Savings Fund - Progressive Plan - Plan A,* * ,5000,-,3.07," Nainesh Rajani (2.1), S Raghupathi Acharya (1.8), Rupesh Patel (0.3)",5.97,52/135,2.88,103/135,25.96,39/125,21.61,46/66,-,-,-,-,EQ-LC&MC  ,"Nov 01, 2011",96.62
Tata Tax Saving Fund,* * * * ,500,-,2.74, Rupesh Patel (0.3),6.6,13/75,5.23,26/75,29.8,22/73,26.37,13/37,15.74,8/36,14.71,11/19,EQ-TP     ,"Mar 31, 1996",218.2
Taurus Banking & Financial Services Fund - Regular Plan,* * ,5000,1 (180),2.9, Sadanand Shetty (3.2),6.38,12/29,2.7,25/29,15.01,21/23,17.09,11/13,-,-,-,-,EQ-BANK   ,"May 22, 2012",7.09
Taurus Bonanza Fund - Regular Plan,* ,5000,1 (180),2.98, Sadanand Shetty (1.9),5.05,88/135,5.31,34/135,23.16,63/125,20.11,56/66,9.86,52/61,12.75,27/27,EQ-LC&MC  ,"Feb 28, 1995",23.77
Taurus Discovery Fund - Regular Plan,* * ,5000,1 (180),2.88, Sadanand Shetty (5.2),7.09,51/114,7.63,12/114,35.82,53/112,33.64,26/52,15.44,34/48,9.18,20/20,EQ-M&SC   ,"Sep 05, 1994",33.23
Taurus Ethical Fund - Regular Plan,* * * ,5000,1 (180),2.88, Sadanand Shetty (1.9),4.02,121/135,2.85,104/135,25.84,41/125,25.61,25/66,12.8,39/61,-,-,EQ-LC&MC  ,"Apr 06, 2009",27.32
Taurus Infrastructure Fund - Regular Plan,* * * ,5000,1 (180),2.87, Sadanand Shetty (5.1),5.75,37/43,3.43,31/43,18.12,25/43,19.25,11/22,5.88,11/20,-,-,EQ-INFRA  ,"Mar 05, 2007",5.77
Taurus Nifty Index Fund - Regular Plan,Unrated,5000,-,1.58, Sadanand Shetty (5.1),4.69,105/148,2.22,121/145,12.35,110/143,18.04,62/75,9.56,53/64,-,-,EQ-LC     ,"Jun 19, 2010",0.54
Taurus Starshare Fund - Regular Plan,* * ,5000,1 (180),2.83, Sadanand Shetty (5.1),6.05,49/135,5.55,28/135,22.5,74/125,22.75,40/66,12.64,40/61,16.19,23/27,EQ-LC&MC  ,"Jan 29, 1994",205.18
Taurus Tax Shield Fund - Regular Plan,* ,500,-,2.97, Sadanand Shetty (5.2),5.96,33/75,4.33,40/75,19.64,57/73,19.91,35/37,10.82,32/36,11.95,16/19,EQ-TP     ,"Mar 31, 1996",78.77
Templeton India Equity Income Fund,* * ,5000,1 (365),2.45," Chetan Sehgal (9.3), Vikas Chiranewal (8.9)",2.27,114/114,0.33,114/114,15.49,110/112,20.38,51/52,13.11,41/48,-,-,EQ-M&SC   ,"May 18, 2006",1037.26
Templeton India Growth Fund,* * ,5000,-,2.66, Chetan Sehgal (2.7),6.5,29/61,5.67,27/61,21.04,41/56,21.31,22/28,10.93,21/26,17.09,5/15,EQ-MLC    ,"Sep 10, 1996",529.4
Union KBC Equity Fund,* * ,5000,1 (365),3.03, Ashish Ranawade (4.2),4.36,109/135,0.61,125/135,11.49,115/125,20.37,54/66,-,-,-,-,EQ-LC&MC  ,"Jun 10, 2011",131.73
Union KBC Small and Midcap Fund - Regular Plan,Unrated,5000,1 (365),3.12, Ashish Ranawade (1.2),4.98,102/114,3.46,83/114,23.56,99/112,-,-,-,-,-,-,EQ-M&SC   ,"Jun 03, 2014",85.56
Union KBC Tax Saver Fund,* * * ,500,-,3.21, Ashish Ranawade (3.7),4.39,66/75,1.96,67/75,18.98,61/73,24.16,20/37,-,-,-,-,EQ-TP     ,"Dec 23, 2011",80.94
UTI Banking Sector Fund - Regular Plan,* * * ,5000,1 (364),2.81," Lalit Nambiar (2.0), Amit Kumar Premchandani (1.1)",6.79,7/29,5.63,14/29,21.06,17/23,18.92,8/13,11.91,6/10,17.08,3/3,EQ-BANK   ,"Apr 07, 2004",413.16
UTI Dividend Yield Fund,* ,5000,1 (364),2.2, Swati Kulkarni (9.6),4.15,116/135,1.33,119/135,12.41,114/125,16.3,64/66,10.35,48/61,16.75,17/27,EQ-LC&MC  ,"May 03, 2005",2966.85
UTI Energy Fund,Unrated,5000,1 (364),2.68," Kaushik Basu (4.0), Sachin Trivedi (4.0)",5.41,-,5.58,-,2.82,-,12.81,-,2.47,-,-,-,EQ-OTH    ,"Nov 12, 2007",230.89
UTI Equity Fund,* * * * * ,5000,1 (364),2.2, Anoop Bhaskar (8.3),5.65,38/148,4,45/145,23.82,18/143,24.4,2/75,15.85,2/64,17.19,8/35,EQ-LC     ,"May 18, 1992",4245.94
UTI Equity Tax Savings Fund,* * ,500,-,2.76, Lalit Nambiar (1.1),6.11,25/75,4.18,43/75,22.03,50/73,21.67,33/37,12.04,27/36,12.55,15/19,EQ-TP     ,"Dec 15, 1999",610.74
UTI India Lifestyle Fund,Unrated,5000,1 (364),2.64, Lalit Nambiar (4.0),4.62,-,1.8,-,15.05,-,19.13,-,13.38,-,-,-,EQ-OTH    ,"Jul 30, 2007",300.32
UTI Infrastructure Fund,* * ,5000,1 (364),2.25, Sanjay Ramdas Dongre (9.7),6.42,30/43,5.6,13/43,18.61,22/43,19.77,10/22,5.25,13/20,12.57,3/3,EQ-INFRA  ,"Apr 07, 2004",1518.25
UTI Leadership Equity Fund,* * * ,5000,1 (364),2.25, Sanjay Ramdas Dongre (9.5),6.65,16/148,4.44,33/145,18.69,46/143,21.56,19/75,11.56,23/64,-,-,EQ-LC     ,"Jan 30, 2006",1616.05
UTI Mastershare Fund,* * * * ,5000,1 (364),2.3, Swati Kulkarni (8.6),5.98,27/148,3.06,69/145,23.14,25/143,22.05,14/75,13.02,10/64,15.47,15/35,EQ-LC     ,"Oct 18, 1986",3037.82
UTI Mid Cap Fund,* * * * ,5000,1 (364),2.36, Anoop Bhaskar (8.3),8.06,28/114,4.73,60/114,41.66,23/112,39.4,7/52,21.02,10/48,18.3,9/20,EQ-M&SC   ,"Apr 07, 2004",3001.94
UTI MNC Fund,Unrated,5000,1 (364),2.75, Swati Kulkarni (11.0),6.62,-,5.79,-,49.15,-,33.66,-,23.32,-,20.26,-,EQ-OTH    ,"Jul 10, 1998",1237.1
UTI Multi Cap Fund - Regular Plan,Unrated,5000,1 (364),2.71, Lalit Nambiar (0.9),5.09,84/135,2.98,97/135,-,-,-,-,-,-,-,-,EQ-LC&MC  ,"Aug 25, 2014",379.23
UTI Nifty Index Fund,* * * ,5000,1 (15),0.51, Kaushik Basu (4.0),4.77,88/148,2.31,116/145,13.06,94/143,18.67,50/75,10.09,41/64,14.34,21/35,EQ-LC     ,"Mar 06, 2000",264.7
UTI Opportunities Fund,* * * * * ,5000,1 (364),2.18, Anoop Bhaskar (4.0),4.46,114/148,1.23,133/145,15.01,67/143,20.37,28/75,14.79,4/64,17.2,7/35,EQ-LC     ,"Jul 20, 2005",5285.85
UTI Pharma & Healthcare Fund,Unrated,5000,1 (364),2.88, Lalit Nambiar (6.9),9.77,4/6,2.98,6/6,46.69,6/6,33.5,3/3,22.28,2/3,18.43,3/3,EQ-PH     ,"Jun 28, 1999",263
UTI Top 100 Fund,* * * * ,5000,1 (364),2.62, Swati Kulkarni (4.0),6.47,21/148,4.1,40/145,24.52,15/143,22.89,11/75,13.74,5/64,-,-,EQ-LC     ,"May 20, 2009",854.05
UTI Transportation and Logistics Fund,Unrated,5000,1 (364),2.78," Anoop Bhaskar (8.3), Daylynn Gerard Paul Pinto (1.1)",5.32,-,3.15,-,36.99,-,46.06,-,27.01,-,20.01,-,EQ-OTH    ,"Apr 07, 2004",542.02
UTI Wealth Builder Fund - Series II - Retail Plan,Unrated,5000,1 (364),2.62, Lalit Nambiar (4.0),2.58,-,0.36,-,5.94,-,10.19,-,10.12,-,-,-,EQ-OTH    ,"Nov 19, 2008",448.87
